IP地址,最小延迟(ms),最大延迟(ms),平均延迟(ms),丢包率(%)
104.27.4.153,165,184,172,0
104.25.87.225,164,182,172,0
172.67.113.193,165,179,173,0
162.159.133.84,166,184,173,0
104.25.86.218,164,192,173,0
104.24.204.163,167,181,174,0
172.67.40.55,165,183,174,0
104.27.103.122,166,188,174,0
104.25.173.244,167,183,174,0
104.25.78.75,166,187,174,0
104.25.198.251,167,186,174,0
172.67.20.220,166,201,174,0
104.25.76.89,167,181,174,0
104.20.177.16,166,192,174,0
104.25.191.242,167,200,174,0
104.23.103.28,166,190,174,0
104.25.58.171,165,187,174,0
104.27.6.165,165,186,175,0
172.67.37.108,168,185,175,0
104.20.77.196,166,190,175,0
172.67.36.187,167,188,175,0
104.24.25.138,167,183,175,0
104.27.50.100,168,192,175,0
104.24.48.189,165,191,175,0
104.25.96.143,166,196,175,0
104.24.91.7,167,191,175,0
104.20.88.65,167,186,175,0
104.24.200.22,166,192,175,0
104.27.24.151,166,187,175,0
162.159.141.250,167,193,175,0
104.25.243.13,167,187,175,0
104.23.96.45,165,195,175,0
104.25.29.126,165,195,175,0
104.22.12.170,169,181,175,0
104.25.149.170,166,192,175,0
104.25.54.248,164,205,175,0
104.22.3.227,166,191,175,0
104.20.73.203,171,182,175,0
104.22.43.236,166,188,176,0
104.24.34.95,167,181,176,0
104.27.194.197,166,192,176,0
104.24.156.67,169,181,176,0
104.25.140.52,164,190,176,0
162.159.135.111,170,183,176,0
104.24.53.130,167,186,176,0
104.20.136.203,166,194,176,0
172.67.89.41,165,191,176,0
172.67.124.167,167,190,176,0
104.24.83.210,167,187,176,0
104.27.87.74,169,187,176,0
104.27.196.231,166,188,176,0
104.27.66.129,168,190,176,0
104.27.22.179,164,197,176,0
104.20.163.32,166,188,176,0
104.23.143.157,164,186,176,0
104.24.93.53,167,192,176,0
104.27.97.44,168,186,176,0
104.19.66.6,173,180,176,0
104.24.14.154,165,185,176,0
104.20.246.150,166,186,176,0
104.24.57.5,166,188,176,0
104.25.194.20,166,183,176,0
104.22.6.101,165,192,176,0
104.25.240.108,166,187,176,0
104.20.174.243,169,184,176,0
104.25.75.119,167,185,177,0
104.25.25.22,167,194,177,0
104.22.78.218,168,187,177,0
104.27.40.96,168,184,177,0
104.24.60.165,169,188,177,0
104.25.100.209,166,187,177,0
104.24.250.200,166,184,177,0
104.27.98.244,169,191,177,0
104.25.43.68,167,186,177,0
104.24.58.208,167,192,177,0
104.25.90.25,168,189,177,0
104.22.32.171,170,192,177,0
104.27.94.226,165,187,177,0
172.67.72.48,172,183,177,0
104.20.74.240,168,185,177,0
104.22.79.215,167,193,177,0
104.19.127.131,174,184,177,0
104.24.147.96,169,190,177,0
104.25.55.238,164,193,177,0
104.24.61.0,167,188,177,0
104.27.55.124,165,189,177,0
104.20.89.244,170,184,177,0
104.20.2.219,164,189,177,0
104.25.218.185,166,186,177,0
104.24.141.53,168,187,177,0
104.24.0.76,167,187,177,0
104.20.129.94,168,188,177,0
104.20.12.136,165,194,177,0
104.26.5.74,167,188,177,0
104.24.226.59,167,186,177,0
104.20.55.55,169,187,177,0
104.22.70.185,167,191,177,0
104.24.159.87,165,193,177,0
104.25.118.252,168,186,177,0
104.24.17.191,167,188,178,0
104.19.111.22,173,188,178,0
104.19.32.74,171,181,178,0
104.20.15.231,165,193,178,0
104.25.12.106,165,190,178,0
104.25.167.33,164,192,178,0
104.20.123.209,166,219,178,0
104.20.54.162,167,185,178,0
104.22.25.209,166,205,178,0
104.24.24.25,168,192,178,0
104.22.8.254,168,199,178,0
104.20.116.254,167,192,178,0
104.24.52.108,166,185,178,0
104.18.210.255,174,182,178,0
104.19.86.187,173,194,178,0
104.20.25.113,169,189,178,0
104.24.158.117,166,187,178,0
104.27.29.163,167,195,178,0
104.24.225.198,165,211,178,0
104.27.5.13,170,193,178,0
104.27.106.190,165,189,178,0
104.27.195.219,166,190,178,0
104.25.80.250,169,192,178,0
104.20.30.183,166,191,178,0
172.67.0.189,167,195,178,0
104.20.112.192,165,204,178,0
172.67.85.138,166,196,178,0
104.26.8.255,165,202,178,0
104.20.194.109,167,188,178,0
104.24.236.44,164,193,178,0
172.67.70.175,169,185,178,0
104.20.229.167,165,203,178,0
104.24.129.141,167,195,178,0
104.24.74.238,169,190,178,0
104.20.70.136,168,185,178,0
104.27.39.23,168,191,178,0
104.24.253.17,167,186,178,0
162.159.160.115,167,187,178,0
104.24.208.129,164,194,178,0
104.25.139.211,169,189,178,0
104.27.48.226,167,192,178,0
104.22.51.126,169,192,178,0
104.24.27.246,167,193,178,0
104.26.9.233,169,188,178,0
104.25.74.160,164,196,178,0
104.27.25.194,167,196,178,0
104.22.71.48,167,186,179,0
172.67.41.59,171,188,179,0
104.19.30.58,173,200,179,0
104.25.56.59,167,186,179,0
104.27.68.233,167,196,179,0
172.67.120.60,165,189,179,0
104.20.151.56,167,193,179,0
104.20.216.96,171,194,179,0
104.20.181.199,167,190,179,0
104.25.39.102,170,184,179,0
104.20.138.91,168,192,179,0
104.20.94.226,168,189,179,0
104.25.121.187,165,195,179,0
104.25.175.253,167,185,179,0
104.19.20.121,174,188,179,0
104.23.111.118,165,196,179,0
104.20.21.169,169,186,179,0
104.27.57.153,164,192,179,0
104.25.30.105,171,184,179,0
104.22.58.57,168,192,179,0
172.67.92.83,170,183,179,0
104.27.76.195,167,191,179,0
104.25.221.30,166,186,179,0
104.20.241.4,166,193,179,0
104.25.5.208,170,197,179,0
104.16.77.190,174,187,179,0
104.18.147.164,174,190,179,0
104.27.36.99,166,192,179,0
104.25.68.226,170,189,179,0
104.20.63.255,173,184,179,0
104.20.168.126,165,195,179,0
104.19.120.199,172,190,179,0
104.19.1.169,173,185,179,0
104.24.162.149,167,188,179,0
104.19.72.207,172,191,179,0
104.19.54.123,175,188,179,0
104.25.109.194,170,193,179,0
104.20.20.66,166,186,179,0
104.19.117.33,174,187,179,0
104.24.231.15,167,195,180,0
104.25.219.87,170,192,180,0
104.19.115.175,172,191,180,0
104.19.104.54,174,192,180,0
104.27.10.203,170,191,180,0
104.25.209.188,168,189,180,0
104.27.192.45,173,192,180,0
104.19.126.223,174,190,180,0
104.25.205.146,169,193,180,0
104.16.75.98,172,195,180,0
104.22.77.242,169,188,180,0
104.20.199.108,164,197,180,0
104.19.48.17,174,188,180,0
104.25.164.133,169,189,180,0
104.24.252.89,167,190,180,0
104.23.117.2,171,194,180,0
104.25.49.91,169,188,180,0
104.19.42.20,173,190,180,0
104.23.113.78,165,188,180,0
104.22.5.20,169,185,180,0
104.27.61.230,167,189,180,0
104.27.64.46,169,189,180,0
104.22.30.190,168,187,180,0
104.25.135.228,168,189,180,0
104.20.251.11,166,195,180,0
104.24.13.65,171,188,180,0
104.23.116.1,164,195,180,0
172.67.55.49,169,192,180,0
104.20.50.219,172,184,180,0
104.25.108.64,165,200,180,0
104.19.55.44,172,191,180,0
104.19.44.51,175,190,180,0
104.22.52.125,167,188,180,0
104.24.165.140,170,189,180,0
104.25.248.125,169,195,180,0
104.22.36.172,171,187,180,0
104.24.95.95,168,186,180,0
104.19.89.158,175,191,180,0
172.67.86.68,164,191,180,0
172.67.108.34,170,197,180,0
104.19.85.40,172,199,180,0
104.20.120.14,169,187,180,0
104.24.241.195,169,194,180,0
104.27.113.237,168,193,180,0
172.67.32.42,168,193,180,0
104.17.244.206,178,183,180,0
104.19.59.205,176,185,180,0
104.20.137.212,169,192,180,0
104.25.60.85,167,195,180,0
104.20.7.62,167,190,180,0
104.20.18.209,167,193,181,0
104.20.14.75,172,186,181,0
104.24.151.8,167,195,181,0
104.19.11.84,174,190,181,0
104.27.121.39,171,198,181,0
104.25.247.111,169,194,181,0
104.20.3.165,175,186,181,0
172.67.63.17,171,190,181,0
104.23.106.161,171,188,181,0
104.19.36.169,176,188,181,0
104.16.154.86,178,186,181,0
104.18.15.206,173,203,181,0
108.162.196.81,177,195,181,0
104.24.148.144,173,190,181,0
104.27.59.82,173,197,181,0
104.19.91.25,175,194,181,0
104.20.124.2,176,186,181,0
173.245.49.148,176,189,181,0
104.17.240.27,176,188,181,0
104.20.237.6,170,193,181,0
172.67.76.177,167,196,181,0
104.17.90.83,175,188,181,0
172.67.117.154,167,194,181,0
104.25.174.116,175,193,181,0
104.20.96.74,168,188,181,0
104.17.53.70,175,189,181,0
104.24.197.89,174,198,181,0
104.23.140.200,174,189,181,0
104.20.86.51,167,210,181,0
172.64.146.222,176,199,181,0
104.24.63.238,172,191,181,0
104.26.2.91,164,194,181,0
104.19.94.36,174,201,181,0
172.67.110.8,170,193,181,0
104.19.37.167,176,192,181,0
172.67.91.46,173,188,181,0
104.27.71.234,168,202,181,0
104.25.179.178,169,192,181,0
104.20.150.206,172,191,181,0
104.16.141.226,176,187,181,0
104.27.74.230,175,190,181,0
104.20.33.168,173,192,181,0
172.67.49.219,171,196,181,0
172.64.35.2,177,186,182,0
104.19.164.66,174,192,182,0
104.27.44.137,166,194,182,0
104.20.153.207,170,193,182,0
104.18.32.205,179,187,182,0
104.25.33.109,169,194,182,0
172.66.42.172,176,195,182,0
104.20.190.225,170,198,182,0
104.20.11.178,167,188,182,0
104.19.49.43,176,203,182,0
104.19.17.225,176,200,182,0
104.17.81.133,175,196,182,0
104.17.199.167,175,195,182,0
104.25.73.62,169,193,182,0
104.17.143.172,176,195,182,0
104.19.60.167,177,199,182,0
104.18.173.94,175,196,182,0
104.19.10.30,173,199,182,0
104.18.1.90,177,191,182,0
104.19.39.23,173,199,182,0
104.25.11.204,167,189,182,0
104.19.114.19,171,200,182,0
104.27.93.106,164,202,182,0
104.19.24.190,176,191,182,0
104.27.205.91,176,188,182,0
104.20.51.155,171,195,182,0
172.67.78.68,172,194,182,0
104.17.119.33,174,195,182,0
104.19.7.214,175,199,182,0
104.26.15.188,166,212,182,0
104.25.64.82,175,190,182,0
104.27.15.41,169,191,182,0
104.25.206.4,170,193,182,0
104.19.26.16,178,191,182,0
104.20.40.151,176,189,182,0
104.22.35.70,167,193,182,0
104.24.212.167,175,191,182,0
104.20.80.118,169,195,182,0
104.17.51.157,173,205,182,0
104.16.129.249,175,195,182,0
104.22.7.18,174,195,182,0
104.17.91.35,173,204,182,0
162.159.207.24,176,191,182,0
172.64.96.95,176,200,182,0
104.19.118.54,174,199,182,0
104.25.122.171,173,195,182,0
104.19.110.36,175,197,182,0
104.17.64.1,175,202,182,0
104.25.18.3,172,197,182,0
104.24.215.222,177,186,182,0
104.19.227.147,177,194,182,0
104.24.233.27,172,187,182,0
104.19.234.115,175,190,182,0
172.67.74.21,168,195,182,0
104.20.91.0,165,198,182,0
104.24.153.155,175,199,182,0
162.159.136.25,167,239,182,0
104.19.82.45,175,191,183,0
104.19.80.138,172,192,183,0
141.101.123.10,174,194,183,0
104.25.41.104,177,191,183,0
104.20.161.242,169,194,183,0
104.23.101.22,171,193,183,0
104.19.87.233,177,190,183,0
172.66.40.248,173,194,183,0
172.67.22.223,169,192,183,0
104.19.41.249,174,203,183,0
104.20.159.86,172,189,183,0
104.19.34.21,177,198,183,0
104.19.220.125,176,197,183,0
104.19.224.38,174,213,183,0
104.19.88.74,176,191,183,0
162.159.60.183,177,197,183,0
104.19.9.191,174,200,183,0
104.24.207.115,176,193,183,0
104.20.16.153,177,198,183,0
104.23.115.53,169,188,183,0
104.17.79.102,175,204,183,0
104.25.72.235,165,190,183,0
104.24.71.5,172,193,183,0
104.19.108.86,174,201,183,0
104.19.187.110,176,227,183,0
104.23.128.228,175,191,183,0
104.19.119.213,176,200,183,0
104.22.41.51,167,196,183,0
104.19.236.15,178,202,183,0
104.24.221.231,173,191,183,0
104.24.19.134,167,195,183,0
104.19.12.195,172,211,183,0
104.19.25.240,178,195,183,0
172.67.102.62,171,193,183,0
104.17.88.88,176,191,184,0
104.19.83.135,175,199,184,0
172.67.2.185,170,200,184,0
104.23.135.251,175,187,184,0
104.17.156.237,176,197,184,0
104.27.72.252,178,194,184,0
104.17.24.192,172,227,184,0
104.24.179.20,168,195,184,0
104.19.78.143,178,202,184,0
104.25.7.129,169,211,184,0
104.19.45.14,177,188,184,0
172.67.101.5,171,199,184,0
104.19.81.243,174,200,184,0
104.23.142.144,172,202,184,0
104.19.56.53,174,199,184,0
104.19.43.50,178,200,184,0
104.25.10.11,179,189,184,0
162.159.134.106,171,197,184,0
104.17.166.213,172,209,184,0
104.24.73.48,168,196,184,0
104.25.66.70,172,193,184,0
104.17.0.124,178,205,184,0
104.25.213.203,173,202,184,0
104.25.110.158,172,192,184,0
104.19.206.50,174,209,184,0
104.19.73.21,176,209,184,0
104.19.52.93,176,200,184,0
104.19.4.85,176,199,184,0
104.20.157.238,179,191,184,0
104.16.231.133,178,202,184,0
104.25.2.113,170,213,184,0
104.17.25.209,179,193,184,0
104.20.85.14,172,196,184,0
104.16.140.41,175,203,184,0
104.18.242.96,176,198,184,0
104.19.122.105,178,196,184,0
104.19.33.123,174,204,184,0
104.25.134.176,173,200,184,0
104.19.101.185,176,198,184,0
104.25.106.228,181,190,184,0
104.24.223.222,175,198,184,0
104.25.95.3,175,198,184,0
104.17.145.75,175,209,184,0
162.159.10.141,176,209,184,0
104.24.170.138,175,192,184,0
104.24.38.131,175,191,184,0
104.17.89.35,177,199,184,0
104.16.71.239,177,198,184,0
104.18.84.62,177,202,184,0
104.19.113.166,174,205,185,0
104.17.48.219,178,199,185,0
104.20.111.97,174,192,185,0
104.20.46.23,170,198,185,0
104.19.69.105,179,202,185,0
104.19.15.33,174,202,185,0
104.19.173.159,177,197,185,0
104.16.95.45,175,203,185,0
104.19.121.59,176,201,185,0
104.16.251.245,176,193,185,0
198.41.205.72,176,197,185,0
104.19.76.159,176,200,185,0
104.22.74.175,175,210,185,0
104.18.202.196,173,208,185,0
104.25.237.146,177,195,185,0
104.25.161.55,177,202,185,0
104.17.214.158,176,213,185,0
104.19.116.222,177,244,185,0
104.19.100.210,176,198,186,0
104.20.66.46,169,221,186,0
172.64.69.61,171,193,186,0
104.18.212.49,173,211,186,0
104.25.59.70,180,194,186,0
104.20.122.189,176,201,186,0
104.25.28.62,178,197,186,0
172.67.8.224,171,200,186,0
172.64.151.1,179,208,186,0
104.19.68.183,178,200,186,0
104.19.90.120,175,212,186,0
104.16.105.70,180,213,186,0
104.20.225.8,173,206,186,0
104.17.218.190,176,198,186,0
104.19.183.34,175,233,186,0
104.19.155.172,175,211,186,0
104.24.199.86,177,195,186,0
104.22.45.80,178,191,186,0
66.235.200.232,174,208,186,0
104.18.68.138,175,207,186,0
104.17.57.206,176,217,186,0
104.24.134.249,182,190,186,0
104.17.183.51,176,205,186,0
104.25.241.129,178,205,186,0
104.25.13.72,180,195,186,0
104.19.99.6,175,213,186,0
162.159.19.130,176,218,186,0
104.19.112.88,176,205,187,0
104.16.248.118,175,201,187,0
104.20.78.48,177,203,187,0
104.17.19.162,177,206,187,0
104.25.197.225,173,206,187,0
104.20.126.88,180,193,187,0
104.24.234.8,177,200,187,0
104.27.7.151,177,202,187,0
104.20.114.235,177,202,187,0
104.16.6.78,177,205,187,0
104.25.249.228,177,198,187,0
104.22.63.131,167,209,187,0
104.19.102.233,174,201,187,0
104.20.232.213,179,197,187,0
162.159.42.174,179,195,187,0
104.27.203.189,179,203,187,0
104.18.165.213,174,240,187,0
104.18.176.171,172,200,187,0
104.16.180.137,176,247,187,0
104.24.150.131,175,199,187,0
104.20.193.66,180,204,187,0
172.67.17.12,174,198,187,0
104.20.211.140,177,214,187,0
104.17.238.28,178,198,187,0
104.18.238.21,178,204,187,0
104.17.71.246,178,230,187,0
104.18.221.172,173,212,187,0
104.20.135.173,175,194,187,0
104.25.151.162,177,203,188,0
104.19.0.128,177,198,188,0
104.22.57.184,179,208,188,0
104.25.186.179,177,197,188,0
104.20.214.109,179,196,188,0
104.27.20.102,177,196,188,0
104.19.103.215,181,202,188,0
104.27.11.70,179,205,188,0
104.20.144.251,177,199,188,0
104.25.34.35,179,202,188,0
104.22.0.173,179,203,188,0
172.67.3.83,178,210,188,0
104.17.173.93,175,215,188,0
104.23.104.7,182,202,188,0
104.22.65.190,177,205,188,0
104.25.94.206,173,201,188,0
104.18.195.225,177,244,188,0
104.25.183.6,176,208,188,0
104.25.114.119,179,204,188,0
172.67.46.194,181,198,188,0
104.23.105.58,180,201,188,0
104.20.175.227,177,208,188,0
104.25.163.82,179,208,188,0
104.24.29.173,178,204,188,0
104.19.107.209,173,206,188,0
104.25.143.66,178,204,188,0
104.22.55.143,180,203,188,0
104.17.227.2,177,208,188,0
104.26.14.170,182,194,188,0
104.20.147.100,178,204,188,0
104.24.51.50,179,199,188,0
104.20.210.18,181,202,188,0
172.67.119.91,181,196,188,0
104.25.61.56,179,205,188,0
104.20.53.72,177,197,188,0
104.18.145.13,179,208,188,0
104.25.162.93,182,199,189,0
104.25.138.220,181,204,189,0
104.24.245.179,182,206,189,0
104.27.117.132,181,200,189,0
104.23.102.164,176,204,189,0
104.20.165.17,180,196,189,0
104.16.208.236,180,210,189,0
104.22.21.211,179,196,189,0
172.67.66.253,180,197,189,0
104.25.184.228,184,199,189,0
104.27.201.94,182,199,189,0
104.16.104.68,174,249,189,0
104.24.203.191,176,204,189,0
104.17.106.83,179,213,189,0
104.20.202.56,182,202,189,0
104.25.155.222,182,204,189,0
104.25.142.108,179,205,189,0
104.20.134.76,176,208,189,0
104.20.148.89,177,204,189,0
104.17.168.16,177,208,189,0
104.19.218.183,174,257,189,0
104.25.8.190,179,202,189,0
104.24.47.111,180,206,189,0
162.159.11.65,179,212,189,0
104.24.138.83,177,202,189,0
104.20.238.95,180,199,189,0
104.25.127.135,181,200,189,0
104.20.17.13,180,197,189,0
104.20.183.201,178,202,189,0
104.25.89.27,182,202,189,0
172.67.51.66,181,202,189,0
104.27.114.121,179,198,189,0
104.24.238.143,179,198,189,0
162.159.14.247,177,256,189,0
162.159.129.17,173,210,189,0
104.20.119.83,181,204,189,0
104.25.227.114,181,209,189,0
104.25.168.189,181,197,189,0
172.67.68.197,181,204,189,0
172.67.35.243,177,198,189,0
104.17.76.231,176,240,189,0
104.27.14.255,181,203,189,0
104.16.43.10,174,235,189,0
172.67.59.243,182,200,189,0
104.20.223.77,178,200,189,0
172.67.93.113,178,198,189,0
104.17.138.232,177,232,189,0
104.25.111.79,181,205,189,0
172.67.11.98,181,196,189,0
172.67.58.67,181,197,189,0
104.25.212.141,182,203,189,0
104.20.87.92,182,212,189,0
104.25.141.243,180,203,189,0
104.20.39.84,180,203,189,0
162.159.140.248,181,204,189,0
104.23.141.242,181,203,189,0
104.16.164.47,173,245,189,0
104.24.4.5,180,205,189,0
104.25.254.45,181,196,189,0
104.25.192.88,179,210,190,0
104.25.21.65,181,202,190,0
104.20.176.215,179,207,190,0
104.24.205.147,182,199,190,0
172.67.28.226,181,196,190,0
104.27.42.191,183,195,190,0
104.25.101.92,181,201,190,0
104.24.26.60,181,202,190,0
104.19.35.181,178,218,190,0
104.27.125.252,179,206,190,0
141.101.122.161,186,198,190,0
104.22.15.164,179,201,190,0
104.20.152.58,181,204,190,0
104.25.52.31,178,198,190,0
104.27.1.2,181,199,190,0
104.23.132.141,179,205,190,0
104.20.8.88,179,202,190,0
104.20.45.105,176,226,190,0
104.27.111.79,180,197,190,0
104.16.47.185,174,256,190,0
104.24.154.227,180,198,190,0
104.16.222.3,175,208,190,0
104.16.108.189,177,223,190,0
104.27.120.220,179,204,190,0
104.24.87.227,179,199,190,0
104.19.92.246,180,209,190,0
104.25.244.57,182,205,190,0
104.25.112.252,179,205,190,0
104.24.218.10,177,200,190,0
104.20.166.116,180,203,190,0
104.25.251.21,177,217,190,0
104.27.46.147,180,207,190,0
104.24.155.46,180,202,190,0
104.22.18.198,182,207,190,0
104.19.228.118,179,232,190,0
104.20.49.182,178,197,190,0
104.27.30.200,179,203,190,0
104.23.108.124,182,202,190,0
162.159.194.156,179,205,190,0
104.16.35.15,174,227,190,0
104.27.79.239,182,203,190,0
104.17.104.22,184,208,190,0
104.25.50.93,179,202,190,0
104.20.185.166,183,203,190,0
104.25.37.244,179,205,190,0
104.23.136.97,181,201,190,0
104.20.34.244,181,199,190,0
104.17.204.220,177,243,190,0
104.20.218.161,181,205,190,0
172.65.90.40,177,204,190,0
104.20.110.206,178,219,190,0
104.24.224.205,181,208,190,0
104.27.82.145,182,201,190,0
172.67.47.190,177,199,190,0
172.67.104.188,185,199,190,0
172.67.9.142,182,204,190,0
104.24.149.245,181,203,190,0
104.25.188.226,183,198,190,0
104.23.112.158,181,207,190,0
104.27.16.124,181,205,190,0
198.41.211.52,178,210,190,0
172.67.34.126,179,210,190,0
104.27.96.224,179,199,190,0
104.24.21.198,180,204,190,0
104.24.90.181,180,208,190,0
104.20.26.110,183,197,190,0
172.67.98.84,181,205,190,0
104.24.39.46,179,198,190,0
172.64.68.64,181,204,190,0
172.67.116.126,176,208,190,0
172.67.44.167,177,200,190,0
104.27.104.69,180,202,190,0
104.27.37.52,180,209,190,0
172.67.25.97,177,199,190,0
104.20.82.179,182,206,190,0
104.20.146.17,182,208,190,0
104.23.99.162,181,204,190,0
104.16.15.26,177,244,190,0
104.24.68.105,182,200,190,0
104.18.181.8,175,266,190,0
104.24.49.216,180,206,190,0
104.20.206.222,179,208,190,0
104.20.60.15,179,206,190,0
104.22.26.161,183,198,191,0
104.25.98.253,179,203,191,0
104.24.54.176,180,201,191,0
104.25.255.9,179,203,191,0
104.19.38.53,181,211,191,0
104.25.178.109,180,207,191,0
104.19.50.5,184,209,191,0
172.67.97.148,180,205,191,0
104.20.101.100,181,204,191,0
172.67.10.72,177,208,191,0
172.67.33.208,181,198,191,0
104.20.130.124,180,203,191,0
162.159.137.213,180,206,191,0
104.22.60.154,182,199,191,0
104.24.45.234,179,209,191,0
104.24.78.189,179,210,191,0
104.20.248.253,182,203,191,0
104.22.38.117,180,205,191,0
172.67.60.140,180,198,191,0
104.20.212.236,178,206,191,0
104.25.228.86,180,203,191,0
104.24.239.94,179,202,191,0
104.27.112.186,180,199,191,0
104.27.206.148,181,199,191,0
104.24.198.67,179,201,191,0
104.20.160.30,178,208,191,0
172.67.65.151,181,207,191,0
104.27.67.46,177,199,191,0
104.24.166.212,182,198,191,0
172.67.109.115,179,200,191,0
104.20.141.225,177,200,191,0
104.19.22.77,178,223,191,0
104.25.81.116,181,203,191,0
104.27.109.89,181,218,191,0
104.25.236.132,182,205,191,0
104.22.49.230,178,211,191,0
104.19.172.135,175,290,191,0
172.67.100.2,180,206,191,0
104.17.224.182,174,225,191,0
104.22.23.194,178,203,191,0
104.20.186.18,181,214,191,0
104.25.42.250,181,200,191,0
104.20.178.239,181,217,191,0
104.18.229.137,173,226,191,0
104.20.207.83,178,205,191,0
104.25.204.138,184,205,191,0
104.18.157.137,172,295,191,0
104.25.31.153,183,204,191,0
104.24.64.32,181,206,191,0
104.25.232.37,182,208,191,0
104.18.206.176,181,211,191,0
104.16.61.111,178,223,191,0
104.20.22.217,182,209,191,0
104.27.85.218,179,204,191,0
104.17.182.83,179,254,191,0
104.25.224.33,179,200,191,0
104.17.216.2,177,255,191,0
104.24.213.32,183,207,191,0
104.20.164.166,181,201,191,0
104.27.77.14,178,199,191,0
104.25.208.105,181,199,191,0
104.24.192.196,185,204,191,0
104.27.27.155,179,198,191,0
104.16.249.1,176,246,191,0
104.25.126.210,181,203,191,0
104.25.239.195,181,201,191,0
104.25.146.106,179,213,191,0
104.20.125.98,180,212,191,0
104.20.197.23,180,206,191,0
104.24.232.242,183,206,191,0
104.22.17.141,177,200,191,0
104.27.47.155,180,210,191,0
104.25.62.227,179,206,191,0
104.24.42.122,183,204,192,0
104.24.235.130,182,198,192,0
104.20.254.7,180,209,192,0
104.19.96.106,183,201,192,0
104.25.153.50,183,207,192,0
104.25.137.71,179,216,192,0
104.25.156.45,183,209,192,0
104.25.196.42,180,203,192,0
172.67.123.138,182,205,192,0
104.26.4.216,178,207,192,0
172.67.24.186,183,199,192,0
172.67.43.154,179,205,192,0
104.27.80.59,183,202,192,0
104.24.40.197,179,200,192,0
172.64.158.235,176,255,192,0
104.20.192.116,184,208,192,0
104.24.70.22,182,206,192,0
104.20.0.122,183,203,192,0
104.22.69.53,185,202,192,0
104.17.60.236,176,206,192,0
172.67.107.143,181,214,192,0
104.24.69.25,179,201,192,0
104.16.155.119,186,210,192,0
104.24.181.223,181,200,192,0
104.27.122.5,180,208,192,0
172.67.127.244,177,204,192,0
104.17.41.254,175,239,192,0
104.25.242.249,185,201,192,0
104.24.77.157,183,201,192,0
104.20.32.31,183,207,192,0
104.25.185.96,183,219,192,0
104.27.51.28,181,202,192,0
104.18.82.77,175,232,192,0
104.23.131.63,180,203,192,0
104.22.34.239,184,199,192,0
104.20.76.134,181,206,192,0
104.17.83.178,183,218,192,0
104.20.128.9,177,210,192,0
104.25.24.216,179,204,192,0
104.20.102.212,182,198,192,0
104.20.171.167,182,210,192,0
104.25.4.250,179,202,192,0
104.17.250.37,175,246,192,0
104.25.229.78,177,199,192,0
172.67.31.139,181,205,192,0
104.17.44.125,179,235,192,0
104.25.201.26,181,200,192,0
104.16.109.235,180,208,192,0
104.25.210.122,180,198,192,0
104.23.133.243,180,207,192,0
104.25.223.169,179,206,192,0
104.24.255.95,180,198,192,0
104.20.106.111,182,203,192,0
104.17.72.175,174,291,192,0
104.26.11.36,182,202,192,0
104.25.27.78,181,201,192,0
104.22.29.161,182,198,192,0
104.27.62.252,181,208,192,0
104.20.4.35,179,201,192,0
104.21.233.57,186,202,192,0
104.19.58.88,184,208,192,0
104.24.193.68,184,200,192,0
104.25.6.171,187,206,192,0
104.20.233.14,182,203,192,0
172.67.45.3,180,198,192,0
104.25.97.133,182,205,192,0
104.16.30.130,172,274,192,0
104.24.145.100,182,202,192,0
104.20.65.199,184,198,192,0
104.20.145.213,182,206,192,0
104.20.250.154,179,225,192,0
104.18.38.84,178,292,192,0
104.18.139.72,176,271,192,0
104.27.9.8,184,199,192,0
104.20.198.166,182,203,192,0
104.27.124.110,183,204,193,0
104.25.172.40,180,201,193,0
104.20.44.149,182,213,193,0
104.27.99.153,182,205,193,0
172.67.106.85,184,202,193,0
104.27.53.227,186,199,193,0
104.18.19.143,186,206,193,0
172.67.88.128,185,211,193,0
104.23.127.10,181,205,193,0
104.25.115.246,183,203,193,0
104.19.62.26,184,208,193,0
104.24.132.245,180,207,193,0
104.25.234.93,188,196,193,0
104.20.24.220,181,206,193,0
104.24.137.163,180,204,193,0
104.20.19.189,185,200,193,0
104.19.235.208,178,234,193,0
104.22.39.247,180,216,193,0
172.67.73.96,183,224,193,0
104.25.220.246,181,208,193,0
104.20.208.114,183,196,193,0
162.159.34.245,179,207,193,0
104.20.107.87,180,202,193,0
104.17.126.247,178,274,193,0
162.159.40.230,186,211,193,0
104.16.246.158,174,237,193,0
162.159.44.188,186,206,193,0
198.41.214.228,183,210,193,0
104.23.126.122,181,215,193,0
104.25.26.247,181,203,193,0
104.25.235.211,180,208,193,0
104.25.88.123,182,204,193,0
104.24.44.110,180,201,193,0
104.24.50.240,184,202,193,0
162.159.39.75,188,203,193,0
172.67.81.30,182,198,193,0
104.23.137.71,181,207,193,0
104.23.125.54,182,206,193,0
104.23.107.94,183,202,193,0
104.22.54.103,185,210,193,0
172.67.16.196,181,209,193,0
172.67.82.222,181,210,193,0
104.24.130.148,183,210,193,0
104.20.220.65,179,208,193,0
172.67.39.210,183,198,193,0
104.19.27.250,181,210,193,0
104.27.19.152,182,201,193,0
104.24.251.107,182,211,193,0
104.25.69.7,181,210,193,0
104.24.88.229,180,201,193,0
172.67.12.28,186,201,193,0
172.67.14.17,181,203,193,0
104.23.139.13,178,204,193,0
104.27.58.101,187,199,193,0
104.25.48.54,182,203,193,0
104.25.40.210,184,212,193,0
104.24.28.127,181,203,193,0
104.25.200.163,182,201,193,0
104.25.238.133,188,199,193,0
104.22.14.193,182,220,193,0
104.25.225.101,180,208,193,0
172.67.7.175,182,209,193,0
104.24.186.194,183,218,193,0
104.20.252.90,187,197,193,0
172.67.38.192,180,204,193,0
104.24.56.170,177,209,193,0
104.20.231.176,181,199,193,0
104.20.240.135,186,201,193,0
104.20.155.210,181,210,193,0
104.27.32.1,184,203,193,0
104.20.57.224,180,208,194,0
104.20.239.123,182,200,194,0
104.24.92.246,185,201,194,0
104.25.130.115,186,208,194,0
104.27.90.166,186,203,194,0
104.27.63.140,182,211,194,0
104.22.76.244,185,204,194,0
104.20.156.96,190,198,194,0
172.65.174.194,188,200,194,0
104.25.51.215,180,209,194,0
104.19.248.116,187,212,194,0
104.20.36.253,186,198,194,0
104.20.67.222,186,208,194,0
172.67.79.218,182,211,194,0
104.27.102.151,181,210,194,0
104.20.105.234,184,202,194,0
104.22.44.0,190,198,194,0
104.20.43.236,183,200,194,0
104.25.157.226,182,211,194,0
104.25.38.200,181,200,194,0
104.25.154.108,185,211,194,0
104.25.159.28,182,216,194,0
104.20.249.2,182,206,194,0
172.67.21.184,180,216,194,0
104.20.79.53,180,200,194,0
162.251.82.1,174,221,194,0
172.64.228.43,178,202,194,0
104.24.177.114,183,209,194,0
104.16.32.225,174,263,194,0
104.24.173.231,184,200,194,0
104.24.178.55,183,201,194,0
104.24.66.236,178,211,194,0
104.19.19.143,183,213,194,0
104.16.116.178,186,207,194,0
104.27.33.59,182,206,194,0
104.24.183.104,183,210,194,0
104.27.3.97,182,208,194,0
104.24.222.19,184,200,194,0
104.20.90.117,187,200,194,0
104.24.22.189,184,200,194,0
104.26.6.8,179,212,194,0
104.24.144.241,183,206,194,0
104.24.89.89,190,200,194,0
104.18.171.214,175,243,194,0
104.27.21.234,179,207,194,0
104.24.94.28,180,202,194,0
104.20.209.114,179,206,194,0
104.24.230.116,186,204,194,0
104.20.143.64,183,201,194,0
172.67.103.132,181,205,194,0
104.27.193.192,184,209,194,0
104.25.104.247,184,208,194,0
104.22.13.74,180,203,194,0
172.67.125.97,185,209,194,0
104.19.98.133,185,208,194,0
104.17.93.237,179,225,194,0
104.25.187.101,182,200,194,0
104.20.228.121,183,208,194,0
104.25.63.96,181,207,195,0
104.18.214.184,172,268,195,0
104.20.6.111,183,207,195,0
172.67.6.241,184,212,195,0
104.24.161.97,179,203,195,0
104.23.130.227,182,207,195,0
172.67.27.1,184,208,195,0
104.25.1.245,182,201,195,0
172.64.49.116,175,281,195,0
104.27.12.253,179,206,195,0
172.64.50.84,187,206,195,0
104.24.185.55,185,211,195,0
104.16.184.160,177,259,195,0
104.17.77.91,178,238,195,0
104.27.119.28,182,217,195,0
104.20.230.167,188,202,195,0
104.22.20.157,185,203,195,0
104.24.254.255,185,234,195,0
104.25.199.25,188,202,195,0
104.24.31.11,183,205,195,0
172.67.77.209,186,199,195,0
104.20.154.37,182,201,195,0
104.24.16.124,189,207,195,0
104.27.56.91,182,216,195,0
104.24.79.83,182,220,195,0
104.24.32.197,180,228,195,0
104.27.202.28,188,200,195,0
104.25.103.26,181,208,195,0
104.20.179.225,181,219,195,0
104.17.45.144,177,235,195,0
172.67.95.95,186,204,195,0
104.22.28.218,184,204,195,0
104.22.75.28,182,218,195,0
104.23.122.195,183,204,195,0
104.25.3.230,188,202,195,0
104.27.2.176,183,203,195,0
104.25.253.196,186,205,195,0
104.26.0.68,184,201,195,0
172.67.57.56,188,204,195,0
104.22.47.238,182,206,195,0
104.25.150.77,186,201,195,0
104.20.162.135,185,211,195,0
104.20.72.108,184,206,195,0
104.18.67.32,175,260,195,0
104.25.189.2,181,219,195,0
104.22.22.38,188,207,195,0
104.20.245.21,190,201,195,0
104.24.160.91,183,205,195,0
104.25.145.150,189,205,195,0
104.20.184.21,186,204,195,0
104.22.10.226,181,206,195,0
104.23.121.103,187,202,195,0
104.25.84.147,183,205,195,0
104.24.12.215,180,209,195,0
162.159.130.236,179,203,195,0
104.24.229.41,185,201,195,0
104.20.242.161,185,210,195,0
104.20.196.183,182,201,195,0
104.20.173.243,192,202,195,0
104.25.245.72,182,202,196,0
104.23.98.209,179,215,196,0
172.67.112.65,187,202,196,0
172.67.75.145,181,202,196,0
104.24.85.200,185,204,196,0
104.27.23.128,182,214,196,0
172.67.121.52,186,208,196,0
104.22.61.53,190,203,196,0
104.24.20.184,188,203,196,0
104.24.135.239,181,204,196,0
104.20.103.216,186,206,196,0
104.22.62.18,185,213,196,0
172.65.177.59,184,212,196,0
104.19.208.53,174,265,196,0
104.20.97.144,181,207,196,0
104.22.27.230,184,229,196,0
104.16.209.220,175,259,196,0
104.18.10.160,186,229,196,0
104.27.127.77,181,206,196,0
104.20.37.89,186,210,196,0
172.67.50.142,187,216,196,0
172.67.52.160,188,205,196,0
172.67.96.52,182,208,196,0
104.20.255.129,184,207,196,0
104.27.43.39,179,211,196,0
104.22.64.198,183,209,196,0
103.21.244.22,176,261,196,0
104.24.194.141,187,216,196,0
104.20.38.249,187,203,196,0
104.27.89.73,188,205,196,0
104.20.31.127,188,208,196,0
104.25.171.135,184,207,196,0
104.16.92.76,176,274,196,0
104.24.15.222,183,218,196,0
104.19.95.197,183,241,196,0
104.17.5.20,178,243,196,0
104.25.47.235,185,208,196,0
104.24.163.47,181,209,196,0
104.25.217.217,181,210,196,0
104.16.165.87,174,263,196,0
104.20.227.95,180,210,196,0
162.159.35.239,188,203,196,0
104.23.124.146,183,203,196,0
104.17.176.173,173,288,196,0
104.20.42.37,186,213,196,0
104.17.241.248,175,278,196,0
104.17.233.63,181,288,196,0
104.25.203.63,182,216,197,0
104.20.81.26,186,212,197,0
104.18.122.89,188,228,197,0
104.20.59.178,183,211,197,0
104.22.50.127,185,215,197,0
104.25.144.210,179,207,197,0
104.24.37.74,185,202,197,0
104.20.140.161,186,206,197,0
104.23.100.85,182,207,197,0
190.93.245.85,175,269,197,0
104.20.234.85,189,203,197,0
162.159.138.136,187,207,197,0
104.27.118.107,189,210,197,0
104.23.119.230,184,210,197,0
162.159.196.157,184,209,197,0
104.24.168.64,189,214,197,0
104.20.56.171,191,213,197,0
104.20.41.205,191,202,197,0
104.19.142.251,189,213,197,0
172.67.30.20,187,208,197,0
104.22.33.202,183,208,197,0
104.27.38.40,184,209,197,0
104.21.228.183,185,209,197,0
162.159.143.179,189,212,197,0
104.26.7.96,187,204,197,0
104.25.252.111,188,209,197,0
104.19.31.83,182,231,197,0
104.18.120.229,185,212,197,0
104.21.230.134,186,210,197,0
104.24.167.93,184,206,197,0
104.25.207.200,186,205,197,0
104.22.68.124,191,206,198,0
172.67.1.78,181,225,198,0
172.64.67.199,183,227,198,0
172.67.4.120,188,210,198,0
104.20.188.179,190,207,198,0
104.23.97.30,181,213,198,0
104.25.125.93,180,216,198,0
104.18.132.218,177,237,198,0
162.159.236.81,174,254,198,0
104.16.133.230,176,242,198,0
104.25.82.255,183,219,198,0
162.159.253.45,187,216,198,0
162.159.58.81,173,284,198,0
104.16.94.111,176,295,198,0
104.27.28.178,190,208,198,0
104.22.1.42,179,211,198,0
104.27.123.13,191,210,198,0
104.24.243.155,178,251,198,0
104.17.52.213,182,247,198,0
104.24.128.64,184,215,198,0
104.20.117.181,183,211,198,0
104.20.104.6,188,202,198,0
104.16.254.43,173,264,198,0
104.23.134.167,192,211,198,0
104.25.19.171,192,205,198,0
162.159.152.27,192,207,198,0
104.20.235.9,192,213,198,0
104.22.19.126,190,206,198,0
104.21.231.252,187,218,198,0
104.18.119.143,187,219,198,0
104.17.107.37,178,231,198,0
162.159.249.128,185,213,198,0
104.20.204.146,188,212,198,0
104.17.167.34,186,232,198,0
104.18.116.5,188,221,198,0
104.24.176.251,190,211,199,0
104.24.227.149,184,213,199,0
104.17.203.53,177,285,199,0
104.25.128.78,187,209,199,0
104.20.127.242,189,214,199,0
104.20.47.34,184,210,199,0
104.19.241.132,186,213,199,0
104.24.35.166,189,207,199,0
104.24.157.218,192,210,199,0
104.18.36.42,188,213,199,0
162.159.243.176,186,214,199,0
104.20.69.80,189,212,199,0
104.16.238.220,174,273,199,0
104.16.211.18,178,277,199,0
104.18.164.187,181,245,199,0
104.25.202.149,189,209,199,0
104.27.26.217,182,204,199,0
104.16.122.69,189,210,199,0
104.18.22.227,188,218,199,0
162.159.9.70,174,274,199,0
104.21.226.204,185,210,199,0
162.159.246.119,187,216,199,0
104.19.240.220,188,216,200,0
104.19.246.127,186,213,200,0
104.16.166.215,179,274,200,0
104.18.20.179,187,212,200,0
104.24.59.142,191,207,200,0
104.18.186.138,174,286,200,0
104.25.233.119,187,207,200,0
104.24.248.235,188,208,200,0
104.25.230.28,189,219,200,0
104.24.75.94,189,223,200,0
104.18.217.75,178,298,200,0
104.24.242.104,192,211,200,0
104.25.148.191,192,206,200,0
104.20.108.7,188,212,201,0
172.64.41.180,184,286,201,0
104.17.236.213,179,279,201,0
104.18.86.133,179,260,201,0
104.19.130.124,190,210,201,0
104.19.242.49,189,212,201,0
104.18.126.153,185,218,201,0
104.16.190.44,185,252,201,0
104.24.220.1,186,213,201,0
104.20.226.27,187,224,201,0
104.19.63.125,185,229,201,0
104.18.189.107,179,296,201,0
198.41.217.145,176,254,201,0
104.22.72.237,188,240,201,0
104.24.143.105,192,218,201,0
172.67.114.118,190,227,201,0
104.23.129.173,190,220,201,0
104.20.253.190,189,214,202,0
104.19.124.141,197,207,202,0
172.64.79.11,173,259,202,0
104.19.128.37,185,219,202,0
104.18.123.66,189,210,202,0
104.24.152.180,190,216,202,0
104.16.156.148,181,249,202,0
104.25.105.53,193,214,202,0
104.16.113.106,190,217,202,0
104.27.110.86,189,222,202,0
104.17.63.220,177,288,202,0
104.18.112.123,188,223,202,0
162.159.240.93,192,216,203,0
104.16.117.30,187,226,203,0
104.20.10.33,191,216,203,0
104.27.18.215,191,209,203,0
104.19.253.216,186,220,203,0
104.17.209.207,177,295,203,0
162.159.250.65,189,212,203,0
104.17.69.157,174,251,203,0
104.19.143.116,186,210,203,0
104.19.149.43,184,255,204,0
104.18.17.251,185,229,204,0
104.19.255.13,187,221,204,0
104.17.247.202,176,282,204,0
104.17.18.214,182,284,204,0
104.17.116.229,174,299,204,0
104.25.16.80,193,213,204,0
104.25.79.150,196,210,204,0
172.67.61.197,196,231,204,0
104.24.55.232,191,238,204,0
104.18.28.156,186,219,204,0
104.16.121.221,188,218,205,0
162.159.49.7,174,277,205,0
104.25.129.71,193,212,205,0
104.16.189.71,179,292,205,0
104.19.2.19,194,220,205,0
104.24.210.228,194,221,205,0
104.16.195.26,188,263,205,0
104.18.146.221,177,290,205,0
104.27.60.103,187,217,205,0
104.16.119.74,188,216,206,0
104.16.162.141,178,273,206,0
104.16.76.179,177,285,207,0
104.17.144.72,176,273,207,0
104.19.84.228,199,224,207,0
104.18.190.139,176,282,207,0
104.18.153.249,178,250,207,0
104.19.51.99,195,229,207,0
104.19.205.34,173,297,207,0
172.64.93.108,176,267,207,0
141.101.115.246,181,269,207,0
104.17.222.72,177,276,208,0
104.18.209.190,175,265,208,0
104.17.118.232,181,291,208,0
172.64.81.36,182,285,208,0
104.18.247.143,188,287,208,0
104.16.16.108,175,281,208,0
104.16.167.173,178,297,208,0
104.19.61.182,199,233,209,0
104.21.225.239,198,221,210,0
104.21.236.70,189,243,210,0
104.18.255.238,186,296,210,0
104.19.75.180,199,235,211,0
172.64.89.202,177,274,211,0
162.159.36.187,184,248,211,0
104.16.173.99,183,297,211,0
104.16.241.6,177,254,211,0
104.17.113.195,178,299,211,0
104.17.242.67,175,279,211,0
104.17.245.145,175,260,212,0
104.18.251.42,177,273,212,0
104.16.172.47,199,257,212,0
104.18.117.128,203,227,213,0
104.16.0.58,176,283,213,0
104.17.160.248,175,277,213,0
104.18.113.21,203,226,213,0
104.19.163.181,181,299,213,0
104.19.139.214,205,232,213,0
104.16.87.207,176,290,213,0
104.18.135.93,187,298,214,0
104.16.124.50,206,239,214,0
104.19.135.56,203,229,214,0
104.18.77.35,179,272,214,0
104.16.90.215,179,271,214,0
104.18.196.97,178,270,214,0
162.159.17.210,181,264,215,0
104.21.239.84,205,226,215,0
104.17.21.38,178,297,215,0
104.19.136.142,207,229,216,0
104.18.127.71,205,227,216,0
104.16.123.209,207,227,216,0
162.159.38.184,206,235,216,0
104.19.185.210,176,298,217,0
104.16.228.245,180,266,217,0
104.18.115.118,206,237,217,0
104.21.229.141,206,233,217,0
104.16.11.63,174,292,217,0
104.18.121.171,206,226,217,0
104.19.250.57,206,235,217,0
104.19.243.212,205,227,218,0
104.18.25.54,205,239,218,0
104.19.131.90,204,238,218,0
104.21.237.61,207,238,218,0
162.159.252.142,205,227,218,0
104.18.76.212,181,280,218,0
104.19.145.103,177,288,218,0
104.18.31.53,205,228,218,0
104.19.245.24,206,229,218,0
198.41.223.89,197,255,219,0
104.18.24.105,205,237,219,0
104.16.120.236,206,229,219,0
162.159.255.113,208,227,219,0
104.19.134.160,204,239,219,0
104.16.114.249,205,232,220,0
104.18.27.55,207,236,220,0
104.16.127.99,207,232,220,0
162.159.248.85,206,229,220,0
172.64.52.163,185,287,220,0
104.18.118.143,205,229,220,0
104.19.129.167,208,246,220,0
104.17.55.40,178,284,221,0
104.18.114.128,208,237,221,0
104.19.140.210,205,232,221,0
104.18.29.49,207,231,221,0
104.19.138.217,208,238,221,0
162.159.244.18,205,239,222,0
104.18.124.216,205,247,222,0
104.19.141.97,205,234,222,0
104.19.132.28,209,230,222,0
198.41.216.136,179,263,222,0
104.18.30.11,204,230,223,0
104.16.171.167,187,297,223,0
104.19.137.89,206,246,224,0
104.18.125.157,211,239,224,0
104.19.251.107,207,250,224,0
104.16.66.130,176,286,225,0
162.159.45.66,210,242,226,0
104.19.176.156,179,290,226,0
162.159.251.5,205,250,226,0
104.19.209.194,177,284,227,0
104.21.224.250,207,252,227,0
172.67.252.32,186,275,229,0
172.67.237.4,192,268,229,0
172.67.177.47,188,275,230,0
104.21.81.226,185,267,230,0
104.21.205.215,192,271,230,0
104.21.103.181,196,266,230,0
104.18.162.120,174,290,231,0
104.21.3.236,185,269,232,0
104.21.72.233,188,270,232,0
104.21.26.232,191,269,232,0
104.21.106.72,199,267,232,0
172.67.227.23,190,267,233,0
104.21.71.204,192,267,233,0
104.21.122.228,193,267,233,0
104.21.66.22,224,280,233,0
104.21.7.255,190,276,234,0
104.21.60.153,189,269,234,0
104.21.50.144,188,267,234,0
104.21.105.96,191,270,234,0
172.67.231.2,194,267,234,0
172.65.40.29,189,273,234,0
104.21.34.238,191,267,235,0
104.21.33.153,192,269,235,0
104.21.123.136,185,266,235,0
172.67.147.16,187,267,235,0
104.21.215.109,191,271,235,0
172.67.128.6,191,269,235,0
104.21.213.237,194,270,235,0
172.67.137.102,189,276,235,0
172.67.155.228,188,276,236,0
104.21.214.237,196,272,236,0
172.67.130.100,223,268,236,0
172.64.78.146,184,263,236,0
172.67.136.62,187,268,236,0
172.67.192.7,193,269,236,0
172.67.141.34,225,267,236,0
104.21.194.22,189,268,237,0
172.67.169.94,186,275,237,0
104.21.75.25,189,273,237,0
104.21.216.167,184,270,237,0
104.21.100.123,187,270,237,0
172.67.210.250,228,273,237,0
188.114.98.33,190,289,238,0
104.21.206.239,195,275,238,0
172.67.153.83,194,270,238,0
172.67.133.14,188,269,238,0
104.21.52.106,191,269,238,0
104.21.196.154,226,267,239,0
104.21.91.56,193,280,239,0
172.67.222.7,190,281,239,0
104.21.200.79,188,269,239,0
104.21.36.247,200,275,239,0
104.21.23.122,190,274,239,0
172.67.165.199,188,278,239,0
172.67.156.112,195,273,239,0
172.67.219.178,200,270,239,0
104.21.120.200,223,269,239,0
172.67.146.185,224,269,239,0
172.67.129.131,202,269,239,0
104.21.192.63,189,271,239,0
172.67.208.199,224,268,239,0
104.21.63.29,193,276,239,0
104.21.74.199,194,268,239,0
104.21.98.140,197,276,240,0
172.67.216.57,189,270,240,0
104.21.79.247,189,269,240,0
104.21.108.15,188,273,240,0
104.21.104.28,189,281,240,0
104.21.83.221,196,269,240,0
104.21.35.50,194,270,240,0
172.67.132.93,193,275,240,0
104.21.89.35,187,272,240,0
172.67.144.111,187,275,241,0
172.67.185.13,191,268,241,0
172.67.138.148,188,277,241,0
172.67.134.104,195,276,241,0
172.67.224.58,193,280,241,0
104.21.65.36,226,268,241,0
172.67.145.62,195,267,241,0
172.67.228.156,188,268,241,0
104.21.14.168,191,275,241,0
104.21.46.92,186,272,241,0
104.21.78.161,191,270,241,0
172.67.246.70,194,268,241,0
172.67.212.141,194,269,241,0
104.21.109.223,197,271,241,0
104.21.211.76,202,269,241,0
172.67.171.178,195,272,241,0
104.21.219.198,193,266,242,0
172.67.242.98,192,277,242,0
172.67.251.191,190,268,242,0
172.67.178.2,188,278,242,0
172.67.244.137,206,268,242,0
104.21.111.85,197,277,242,0
172.67.221.7,185,276,242,0
104.21.102.228,191,277,242,0
188.114.96.132,198,270,242,0
172.67.211.137,228,270,242,0
172.67.158.218,192,275,242,0
172.67.186.54,190,278,243,0
172.67.162.68,189,276,243,0
104.21.12.201,225,270,243,0
104.21.56.160,196,284,243,0
162.159.209.65,238,273,243,0
104.21.25.226,193,277,243,0
104.21.101.116,189,284,243,0
172.64.100.142,238,257,243,0
104.21.77.37,195,278,243,0
104.21.90.246,190,276,243,0
172.67.148.135,186,274,244,0
104.21.1.85,189,270,244,0
104.21.207.58,191,276,244,0
104.21.95.177,191,267,244,0
104.21.8.92,189,268,244,0
172.67.253.15,191,275,244,0
172.67.236.142,223,271,244,0
104.21.195.194,192,270,244,0
172.67.179.33,231,269,244,0
172.67.254.232,223,267,244,0
104.21.117.56,196,266,244,0
104.21.116.247,196,267,244,0
104.21.55.127,204,267,245,0
172.67.143.167,190,269,245,0
104.21.61.147,198,280,245,0
172.67.160.43,225,269,245,0
104.21.10.34,200,275,245,0
172.67.199.180,188,275,245,0
104.21.40.0,188,278,245,0
172.67.198.121,225,269,245,0
172.67.235.237,198,277,245,0
172.67.173.8,198,270,245,0
172.67.183.184,193,276,245,0
104.21.210.241,205,273,245,0
172.67.213.142,189,278,245,0
188.114.97.190,196,267,246,0
172.67.245.248,189,270,246,0
172.67.152.159,203,270,246,0
104.21.70.96,192,275,246,0
172.67.195.104,227,269,246,0
104.21.97.138,190,277,246,0
104.21.125.66,226,280,246,0
172.67.255.204,189,277,246,0
172.67.238.119,204,277,247,0
104.21.44.17,187,275,247,0
172.67.174.20,194,275,247,0
172.67.175.73,188,269,247,0
104.21.208.101,196,279,247,0
172.67.225.115,191,271,247,0
104.21.2.124,192,281,247,0
172.67.181.172,228,280,247,0
104.21.93.193,226,275,247,0
172.67.218.75,206,277,247,0
104.21.113.214,198,279,248,0
104.21.85.130,192,268,248,0
104.21.48.62,225,269,248,0
172.67.190.214,192,270,248,0
104.21.92.3,228,266,248,0
104.21.57.222,192,271,248,0
172.67.170.207,196,269,248,0
104.21.49.31,226,270,248,0
172.67.233.33,227,271,248,0
104.21.218.249,227,268,248,0
104.21.80.78,200,277,248,0
104.21.43.8,226,266,249,0
172.67.241.194,226,270,249,0
104.21.59.4,229,268,249,0
104.21.58.13,224,279,249,0
172.67.166.139,195,273,249,0
104.21.114.31,193,269,249,0
104.21.11.126,226,273,249,0
104.21.221.113,224,275,250,0
172.67.240.150,227,270,250,0
172.67.172.252,227,285,250,0
104.21.31.43,189,278,250,0
172.67.223.66,226,283,251,0
104.21.201.74,225,270,251,0
104.21.73.41,226,274,251,0
172.67.188.164,195,279,251,0
104.21.18.136,225,271,251,0
104.21.67.34,225,276,251,0
172.67.229.154,228,276,252,0
172.67.151.86,225,281,252,0
104.21.209.135,227,268,252,0
104.21.15.14,226,280,252,0
172.67.182.25,192,273,252,0
104.21.16.67,186,273,252,0
172.67.154.15,226,270,252,0
172.67.131.95,191,295,252,0
104.21.121.22,202,298,252,0
172.67.205.34,226,277,252,0
172.67.163.238,226,276,253,0
172.67.214.205,227,269,253,0
172.67.203.163,188,275,253,0
104.21.198.159,227,276,254,0
172.67.167.70,230,282,254,0
104.21.203.105,226,269,254,0
104.21.9.50,230,273,255,0
104.21.64.178,190,280,255,0
172.67.215.128,194,281,255,0
104.21.202.119,228,281,255,0
104.21.6.219,228,267,256,0
104.21.222.78,206,276,258,0
172.67.187.144,228,270,258,0
172.67.206.86,228,272,258,0
172.67.176.41,227,273,259,0
104.21.107.56,227,297,259,0
104.24.82.195,166,190,173,10
104.27.52.73,167,183,173,10
104.25.107.169,166,195,173,10
104.20.131.61,169,182,173,10
104.25.32.211,166,181,173,10
104.27.84.88,164,190,174,10
104.25.36.163,164,186,175,10
104.25.45.213,166,192,175,10
104.20.35.241,168,192,176,10
104.20.93.78,165,194,176,10
104.24.76.6,168,193,176,10
104.25.222.157,171,185,176,10
104.25.14.219,167,186,176,10
104.25.182.67,167,185,176,10
104.25.9.46,169,190,177,10
104.24.182.17,169,181,177,10
104.20.95.183,168,185,177,10
104.24.246.189,165,210,177,10
104.25.169.117,166,191,177,10
104.20.113.245,167,188,177,10
104.26.13.173,167,185,177,10
104.27.41.138,169,192,177,10
104.20.61.124,168,193,177,10
104.24.195.139,168,186,178,10
172.67.48.247,165,188,178,10
104.25.246.86,167,186,178,10
172.67.111.169,168,188,178,10
104.24.244.250,170,185,178,10
104.19.109.35,172,183,178,10
172.67.19.52,168,193,178,10
104.20.189.216,167,190,178,10
104.24.249.165,170,195,178,10
104.20.195.65,172,188,178,10
104.24.86.248,165,200,178,10
172.67.56.75,167,188,178,10
104.24.201.197,168,187,178,10
104.20.191.191,175,182,178,10
162.159.153.220,165,188,179,10
104.19.64.214,175,186,179,10
104.25.124.87,165,192,179,10
104.20.213.77,164,188,179,10
104.25.160.115,168,186,179,10
104.25.35.123,168,191,179,10
104.20.247.24,170,190,179,10
104.27.73.252,167,200,179,10
104.20.99.165,167,195,179,10
104.25.23.180,170,195,179,10
172.67.26.127,167,192,179,10
104.25.176.191,170,189,180,10
104.25.120.93,169,194,180,10
104.23.110.105,169,191,180,10
104.24.247.87,168,195,180,10
162.159.128.6,169,199,180,10
104.24.133.119,174,187,180,10
104.26.10.115,172,185,180,10
172.67.126.222,169,191,180,10
104.22.9.222,167,194,180,10
104.19.14.186,177,183,180,10
104.19.5.166,176,189,181,10
104.22.48.238,170,197,181,10
104.18.85.199,175,188,181,10
104.22.4.203,170,190,181,10
104.24.80.72,168,199,181,10
104.24.209.167,173,191,181,10
104.27.0.36,165,196,181,10
104.19.6.62,176,198,181,10
104.22.46.162,170,197,181,10
104.20.52.189,171,192,181,10
104.20.121.244,171,194,181,10
104.24.46.199,168,196,181,10
104.25.17.35,166,194,181,10
104.19.188.195,178,185,181,10
104.20.172.208,175,192,181,10
104.22.56.96,171,188,182,10
172.67.122.32,174,192,182,10
104.24.211.99,172,199,182,10
104.19.153.48,176,198,182,10
172.67.87.125,173,195,182,10
104.20.13.69,173,204,182,10
104.19.40.33,177,191,182,10
104.25.165.147,165,192,182,10
104.19.53.23,175,191,182,10
104.19.106.52,176,192,182,10
104.19.57.107,174,197,182,10
104.18.100.196,176,191,182,10
104.20.58.151,166,207,182,10
104.16.187.243,173,199,183,10
104.19.93.255,174,198,183,10
104.19.21.81,172,190,183,10
104.19.123.175,173,203,183,10
104.20.180.125,177,191,183,10
104.20.187.71,174,191,183,10
162.159.0.29,177,203,183,10
104.16.150.115,175,200,183,10
141.101.120.190,173,219,183,10
104.19.18.140,172,201,183,10
104.24.23.201,177,193,183,10
104.17.171.209,177,190,183,10
104.27.126.189,166,197,183,10
104.22.2.185,172,192,183,10
104.19.105.134,177,203,183,10
104.23.118.22,168,205,183,10
172.67.23.35,168,193,184,10
104.16.9.238,173,212,184,10
104.24.36.157,173,202,184,10
104.18.177.53,175,220,184,10
104.25.77.87,175,197,184,10
104.17.164.69,176,200,184,10
104.16.236.115,175,205,184,10
104.17.50.76,174,199,184,10
104.16.205.252,176,204,184,10
104.16.147.213,177,202,184,10
104.17.1.178,177,192,184,10
104.20.200.13,174,193,184,10
104.24.219.145,176,191,185,10
162.159.33.76,177,201,185,10
104.20.62.125,177,205,185,10
104.18.45.242,178,192,185,10
104.19.47.247,174,206,185,10
104.16.213.134,175,200,185,10
104.27.116.70,178,191,186,10
104.19.125.172,177,205,186,10
162.159.27.237,174,257,186,10
104.25.15.194,180,198,186,10
104.24.196.181,179,208,186,10
141.101.121.138,176,202,186,10
104.19.67.164,175,197,186,10
104.24.30.151,177,206,187,10
104.19.97.91,176,201,187,10
104.25.70.58,178,206,187,10
104.24.188.40,181,195,187,10
104.17.254.174,176,230,187,10
104.19.181.176,178,201,187,10
104.18.5.98,179,201,187,10
104.17.172.251,172,227,187,10
104.16.244.128,177,214,187,10
172.67.5.80,181,199,187,10
104.16.149.172,178,208,187,10
172.67.80.145,177,195,187,10
162.159.43.212,183,198,187,10
104.25.93.155,179,192,187,10
104.27.204.96,182,196,188,10
104.25.166.51,182,198,188,10
104.16.99.85,175,216,188,10
104.27.92.131,181,202,188,10
104.23.109.154,181,203,188,10
104.19.229.86,177,209,188,10
104.24.84.45,180,193,188,10
104.19.65.181,178,234,188,10
104.24.164.104,177,200,188,10
104.20.75.46,178,193,188,10
172.64.94.108,177,218,188,10
104.27.70.98,181,198,188,10
104.19.71.201,185,201,189,10
104.25.117.255,180,195,189,10
104.24.41.49,173,203,189,10
104.19.3.114,174,217,189,10
172.67.90.46,177,200,189,10
172.67.15.219,179,205,189,10
104.25.177.29,177,198,189,10
104.22.40.217,177,211,189,10
104.22.42.135,182,199,189,10
104.18.219.64,176,202,189,10
104.19.70.133,186,196,189,10
104.23.123.244,181,204,189,10
104.20.215.246,179,202,189,10
104.22.24.209,179,202,189,10
172.67.54.92,181,202,189,10
172.64.153.70,177,247,190,10
104.17.14.188,177,222,190,10
104.24.142.37,180,199,190,10
104.22.16.54,179,201,190,10
104.24.65.217,179,202,190,10
104.18.243.84,180,215,190,10
104.27.107.15,182,201,190,10
104.25.85.47,179,197,190,10
104.24.217.79,182,205,190,10
104.16.1.105,176,270,190,10
104.16.107.191,179,246,190,10
104.18.137.43,172,226,190,10
104.25.152.106,179,207,190,10
104.26.12.122,182,202,190,10
172.67.71.113,180,199,190,10
104.20.68.84,177,208,190,10
172.67.84.12,183,202,190,10
104.17.92.175,173,251,190,10
104.24.146.44,181,201,190,10
104.18.246.45,174,277,190,10
104.27.108.63,181,200,190,10
104.25.214.64,180,197,190,10
104.25.99.142,182,199,190,10
104.22.53.81,180,205,190,10
104.16.131.49,175,251,190,10
104.24.169.170,179,197,190,10
104.25.170.167,181,207,191,10
104.24.33.72,179,197,191,10
104.20.100.234,181,203,191,10
104.17.80.83,177,230,191,10
104.25.231.222,179,215,191,10
104.20.169.78,181,208,191,10
104.16.194.62,178,227,191,10
104.27.88.111,180,210,191,10
104.25.131.49,180,205,191,10
104.25.113.209,181,206,191,10
104.24.62.188,181,205,191,10
104.20.29.93,181,199,191,10
104.22.66.178,179,202,191,10
104.27.69.70,181,206,191,10
104.20.182.65,181,201,191,10
104.20.109.222,174,206,191,10
104.17.102.235,177,244,191,10
104.25.158.95,179,204,191,10
104.16.19.94,174,259,191,10
104.24.187.239,182,200,191,10
172.67.53.112,182,200,191,10
104.16.191.77,171,253,191,10
104.20.5.132,181,201,192,10
104.25.22.185,182,202,192,10
104.18.57.1,174,247,192,10
104.25.195.141,184,202,192,10
104.20.28.231,182,200,192,10
162.159.142.231,183,200,192,10
104.18.47.235,176,285,192,10
104.16.176.114,175,241,192,10
104.27.81.83,179,201,192,10
104.25.215.95,179,205,192,10
104.20.23.134,181,203,192,10
104.20.27.156,181,203,192,10
104.20.201.73,182,201,192,10
104.27.17.124,179,205,192,10
104.25.91.81,179,202,192,10
104.17.27.126,177,236,192,10
104.20.139.28,181,202,192,10
104.19.182.42,179,220,192,10
104.26.1.195,183,201,192,10
104.24.67.14,181,218,192,10
104.27.35.196,184,200,192,10
104.25.57.225,184,207,192,10
172.67.83.246,180,204,192,10
104.23.114.248,183,199,192,10
104.25.147.39,179,204,192,10
104.27.115.187,178,202,193,10
172.67.99.226,183,199,193,10
104.27.8.26,181,205,193,10
104.26.3.135,185,206,193,10
104.24.136.25,184,201,193,10
104.25.123.164,180,201,193,10
104.20.167.250,182,202,193,10
104.17.114.226,181,232,193,10
104.25.83.2,181,209,193,10
141.101.113.131,182,204,193,10
104.20.158.228,183,216,193,10
104.22.37.191,183,204,193,10
104.17.248.215,179,248,193,10
172.67.69.182,184,200,193,10
172.67.29.76,181,201,193,10
104.25.53.87,183,203,193,10
104.18.240.122,177,272,193,10
172.67.62.90,182,202,193,10
172.64.144.82,177,278,194,10
104.16.83.179,176,246,194,10
104.25.67.112,184,204,194,10
104.20.133.51,182,200,194,10
104.23.120.27,187,202,194,10
104.24.180.61,181,205,194,10
104.24.237.22,183,203,194,10
104.17.178.140,183,223,194,10
104.16.224.42,176,259,194,10
104.24.140.68,185,204,194,10
104.20.236.211,182,211,194,10
104.22.31.154,182,202,194,10
104.16.91.193,174,287,194,10
104.18.80.205,181,232,194,10
104.17.230.243,181,203,194,10
104.20.205.203,184,202,194,10
104.25.46.39,185,199,194,10
104.20.224.135,185,200,194,10
104.20.219.229,182,202,194,10
104.24.175.58,184,209,194,10
104.19.198.17,177,226,194,10
104.16.242.152,177,270,194,10
104.20.115.57,184,202,194,10
104.25.92.138,186,199,194,10
104.20.244.88,180,203,195,10
104.25.250.183,187,208,195,10
104.18.42.13,179,217,195,10
104.18.244.174,177,273,195,10
104.16.170.231,173,231,195,10
104.22.73.20,184,202,195,10
104.16.148.158,178,235,195,10
104.25.44.108,184,204,195,10
104.17.149.218,178,239,195,10
104.25.71.242,182,209,195,10
108.162.192.154,177,234,195,10
104.27.95.85,190,203,195,10
172.64.40.170,186,206,196,10
104.18.134.23,176,284,196,10
104.19.186.117,186,229,196,10
104.18.156.151,176,288,196,10
104.27.83.204,181,206,196,10
104.24.190.41,186,218,196,10
104.18.154.248,180,292,197,10
104.27.31.110,180,206,197,10
104.25.116.153,185,204,197,10
104.19.252.83,185,212,197,10
104.17.30.153,187,230,197,10
104.24.81.166,184,209,197,10
104.20.48.35,192,206,197,10
162.159.254.193,188,210,197,10
104.16.217.11,176,257,197,10
104.16.111.28,178,250,198,10
104.18.183.26,177,294,198,10
104.24.189.142,191,204,198,10
104.20.132.123,188,205,198,10
104.18.66.7,187,268,198,10
104.18.193.121,179,220,198,10
104.20.98.170,190,204,198,10
104.25.132.178,189,205,198,10
104.20.71.116,190,221,198,10
104.16.55.17,177,297,198,10
104.17.219.158,178,278,198,10
172.67.115.23,188,214,199,10
104.16.229.77,174,246,199,10
104.24.240.233,187,211,199,10
104.24.172.142,191,211,199,10
104.24.139.195,185,219,199,10
104.16.174.254,174,281,199,10
104.18.149.197,175,274,199,10
104.27.91.54,185,212,199,10
104.24.131.165,192,211,199,10
104.19.170.225,186,265,199,10
104.17.87.84,181,232,200,10
104.19.160.194,176,280,200,10
104.18.21.247,188,212,200,10
104.18.81.76,176,295,200,10
104.16.178.185,186,249,200,10
104.18.201.122,178,259,200,10
172.67.64.53,191,216,200,10
190.93.247.142,177,263,200,10
104.19.244.58,186,217,200,10
104.24.184.120,194,215,200,10
104.23.138.147,191,210,201,10
104.25.136.128,189,209,201,10
104.16.112.99,186,211,201,10
104.19.249.76,186,214,201,10
104.19.195.108,175,261,201,10
104.19.77.213,197,211,201,10
104.16.151.60,182,253,201,10
104.17.66.220,176,286,201,10
104.24.72.15,190,210,202,10
104.17.35.103,180,283,202,10
104.16.12.18,177,287,202,10
104.21.227.46,188,210,202,10
104.16.24.164,173,291,202,10
172.64.48.205,180,261,202,10
108.162.195.82,176,263,202,10
198.41.196.152,189,247,203,10
104.18.93.210,185,233,203,10
104.27.49.188,182,286,203,10
104.17.86.245,183,282,203,10
104.19.200.87,176,270,203,10
162.159.212.40,176,294,203,10
104.17.221.221,179,298,204,10
104.17.163.140,177,251,204,10
198.217.251.23,183,265,204,10
104.17.147.161,183,270,204,10
104.19.133.43,190,215,204,10
162.159.241.70,189,210,204,10
104.20.83.213,187,220,204,10
104.20.203.136,196,210,204,10
104.19.158.22,174,269,205,10
104.18.44.179,176,271,205,10
104.19.150.187,181,268,205,10
104.20.142.151,196,211,205,10
1.0.0.48,178,289,205,10
104.17.228.217,186,263,205,10
104.19.157.60,176,284,205,10
104.16.202.143,197,216,205,10
104.18.138.192,179,236,205,10
173.245.59.226,177,258,205,10
162.159.23.163,178,276,205,10
172.67.13.107,198,217,206,10
172.64.176.140,177,298,206,10
104.27.65.243,191,218,206,10
104.20.149.231,198,216,206,10
104.17.17.22,183,276,206,10
104.20.64.129,182,238,206,10
104.18.18.138,190,212,206,10
162.159.26.205,178,283,206,10
104.17.73.60,177,286,206,10
104.18.26.189,194,211,207,10
104.27.34.234,200,215,207,10
104.19.168.124,182,287,208,10
104.17.100.99,175,288,208,10
104.16.163.27,175,264,208,10
104.19.159.139,179,299,209,10
104.17.220.157,178,284,210,10
104.17.84.247,177,289,210,10
104.19.225.252,183,297,210,10
104.16.65.123,177,270,210,10
104.16.27.28,182,276,210,10
104.16.36.117,188,290,211,10
104.17.252.16,179,283,211,10
104.25.216.190,191,238,211,10
172.64.98.18,172,271,212,10
104.18.233.178,176,287,212,10
104.18.13.237,180,270,212,10
104.19.216.78,178,279,212,10
104.18.235.231,180,281,213,10
104.18.90.42,179,285,213,10
104.19.8.129,190,265,213,10
198.41.207.41,184,291,214,10
104.16.118.19,205,229,215,10
104.19.16.115,197,267,215,10
104.18.99.184,178,291,216,10
104.18.16.60,204,234,217,10
104.21.235.116,204,231,217,10
104.19.247.9,206,227,218,10
172.66.46.39,183,288,218,10
104.16.80.120,179,297,218,10
104.18.70.115,181,297,218,10
104.17.99.81,175,298,218,10
104.18.7.171,175,295,219,10
104.19.13.15,200,251,219,10
104.17.124.212,198,272,220,10
104.21.232.80,207,244,221,10
104.19.254.99,203,238,221,10
104.18.144.86,175,269,221,10
104.16.125.169,208,237,222,10
104.16.44.180,173,284,222,10
104.16.206.114,197,289,223,10
104.17.61.98,186,298,224,10
104.16.115.1,207,239,224,10
162.159.247.196,207,238,225,10
104.21.197.102,187,235,225,10
104.21.76.247,184,269,225,10
162.159.245.56,212,248,225,10
172.67.226.187,189,268,226,10
104.17.210.107,198,295,226,10
104.18.161.202,180,281,226,10
104.21.112.153,187,266,226,10
104.16.240.211,186,295,229,10
104.21.217.118,190,266,229,10
104.21.42.31,189,268,229,10
172.67.168.39,192,268,230,10
104.21.5.4,188,266,231,10
162.159.8.128,203,281,231,10
172.67.139.172,189,270,233,10
162.159.5.149,198,282,233,10
172.67.247.63,187,265,233,10
172.67.239.218,196,263,234,10
104.21.204.107,196,270,234,10
104.16.188.90,174,297,235,10
172.67.196.139,194,272,235,10
104.21.99.8,190,266,236,10
104.21.51.37,194,269,236,10
104.21.30.184,188,272,236,10
104.21.29.19,188,270,237,10
172.67.197.140,191,266,237,10
104.21.86.224,190,268,237,10
104.21.193.92,195,266,238,10
104.21.124.99,195,274,238,10
172.67.142.169,194,272,239,10
104.21.47.202,186,273,239,10
172.67.157.61,195,265,239,10
104.18.211.232,182,275,239,10
104.21.110.112,189,277,241,10
104.21.82.28,194,275,241,10
104.21.118.133,188,270,242,10
104.21.119.146,189,270,242,10
172.67.249.3,195,268,242,10
172.66.2.85,178,298,243,10
104.21.4.169,199,275,243,10
172.67.204.7,196,275,243,10
104.21.69.182,195,269,243,10
172.67.194.100,195,272,243,10
172.67.202.255,226,279,243,10
104.21.68.37,223,275,243,10
104.21.62.251,223,273,244,10
172.67.180.234,227,271,244,10
172.67.250.232,194,278,244,10
172.67.164.138,188,280,244,10
104.21.19.206,189,275,245,10
104.21.96.223,227,268,245,10
104.21.53.181,225,271,245,10
104.21.24.37,226,269,245,10
104.21.127.25,196,268,245,10
104.21.45.151,185,273,246,10
104.21.13.97,226,278,246,10
172.67.217.25,224,281,246,10
172.67.184.211,226,271,246,10
104.21.94.178,195,271,246,10
172.67.135.230,199,277,246,10
188.114.99.16,189,270,247,10
172.67.140.123,189,277,247,10
104.21.220.52,225,269,247,10
104.21.17.131,192,281,247,10
172.67.243.225,196,271,247,10
172.67.232.182,227,269,248,10
104.21.38.65,227,277,248,10
172.67.189.173,192,277,248,10
104.21.126.50,227,268,249,10
104.21.115.35,227,275,249,10
104.21.223.4,188,281,250,10
104.21.199.119,188,274,251,10
104.21.87.249,227,279,251,10
172.67.200.173,226,277,251,10
172.67.159.114,191,276,251,10
172.67.193.225,229,275,252,10
172.67.248.176,227,274,252,10
104.21.0.16,228,271,252,10
104.21.212.99,231,270,253,10
104.21.28.29,230,282,253,10
172.67.220.98,229,271,254,10
172.67.191.118,225,268,254,10
172.67.230.165,229,274,259,10
172.67.94.5,164,194,176,20
104.20.243.3,166,187,177,20
104.25.211.143,169,186,179,20
198.41.218.152,176,185,179,20
104.16.60.67,178,188,182,20
104.18.101.70,177,190,182,20
104.19.29.11,175,191,182,20
104.18.230.248,176,199,183,20
104.18.239.36,173,202,183,20
162.159.12.231,176,194,183,20
172.64.92.135,175,190,183,20
198.41.206.138,178,193,184,20
104.17.225.138,176,201,184,20
172.64.80.208,173,224,184,20
104.17.154.34,178,193,184,20
104.24.228.216,176,191,185,20
104.19.46.72,174,205,186,20
104.17.36.218,180,204,186,20
104.16.219.98,176,204,186,20
104.16.45.19,174,233,187,20
104.18.143.206,176,199,187,20
104.19.151.251,177,210,187,20
104.17.246.86,178,219,187,20
104.19.210.133,179,208,188,20
104.18.220.222,173,210,188,20
104.17.157.107,174,210,188,20
198.41.197.249,177,209,188,20
198.41.198.150,175,216,188,20
104.19.215.169,178,217,188,20
104.18.250.182,177,207,189,20
172.66.3.74,177,234,189,20
104.27.75.70,178,201,189,20
104.25.0.52,180,204,189,20
104.19.199.180,178,212,190,20
104.18.34.6,184,197,190,20
104.18.72.63,179,218,190,20
104.19.174.240,178,250,190,20
104.25.180.66,177,202,191,20
104.16.227.141,177,214,191,20
104.17.62.235,175,255,191,20
104.20.1.206,182,199,192,20
172.67.118.42,182,206,192,20
104.18.197.57,174,273,192,20
104.27.78.89,184,206,193,20
162.159.48.6,180,203,193,20
104.27.105.224,184,204,193,20
104.17.206.81,182,210,193,20
104.25.119.222,180,211,194,20
104.24.171.230,181,205,194,20
104.27.100.123,183,203,194,20
104.16.239.5,175,264,194,20
104.17.43.45,188,211,195,20
104.17.159.29,182,220,195,20
172.67.105.40,181,205,195,20
104.20.84.54,184,200,195,20
104.20.217.177,192,198,195,20
104.18.254.58,173,282,195,20
172.67.18.194,187,206,196,20
104.17.148.211,177,277,196,20
104.17.208.231,179,246,196,20
198.41.203.156,177,270,196,20
104.16.201.252,183,239,197,20
104.24.216.227,184,209,197,20
104.19.191.92,175,289,197,20
104.18.223.145,176,291,197,20
104.18.245.76,172,287,197,20
104.16.139.233,188,235,197,20
162.159.62.85,179,299,198,20
104.16.22.28,177,287,198,20
198.41.215.197,185,236,198,20
162.159.3.58,179,288,198,20
104.16.234.125,176,267,199,20
104.17.49.163,177,290,199,20
104.22.11.34,192,205,199,20
104.17.141.206,176,226,199,20
104.17.122.147,177,226,199,20
104.16.38.172,180,249,199,20
104.17.95.121,186,271,199,20
104.25.181.182,193,223,199,20
104.16.84.101,191,218,200,20
104.17.65.243,177,253,200,20
104.16.79.162,175,290,201,20
104.16.126.208,186,214,201,20
104.17.184.71,175,257,201,20
104.18.105.235,184,284,202,20
104.25.226.230,181,258,202,20
162.159.21.83,175,294,202,20
104.16.192.106,176,284,202,20
104.17.162.84,182,274,202,20
104.17.255.12,177,291,202,20
104.18.61.137,174,256,203,20
104.19.184.230,184,246,203,20
104.16.10.146,181,286,203,20
104.18.140.81,176,282,204,20
104.17.123.61,174,259,204,20
104.17.180.170,178,266,204,20
104.18.141.58,180,266,204,20
104.16.143.55,179,299,204,20
104.19.232.9,178,274,204,20
104.17.105.61,175,285,206,20
104.16.74.64,183,286,206,20
104.18.71.72,178,254,206,20
104.17.97.33,180,287,206,20
104.16.31.246,181,240,207,20
108.162.194.8,174,292,207,20
104.18.52.231,176,269,208,20
104.18.252.71,188,250,208,20
104.16.186.210,179,263,208,20
104.18.253.212,177,286,208,20
104.16.183.235,178,299,208,20
104.19.154.210,177,283,209,20
104.17.32.123,188,254,209,20
104.16.245.196,188,275,209,20
104.18.248.112,186,292,209,20
104.19.222.36,178,256,210,20
104.16.152.156,172,282,211,20
108.162.193.213,176,294,211,20
104.16.13.239,177,276,212,20
104.16.212.93,181,254,212,20
172.64.156.239,180,298,213,20
104.17.229.241,178,253,213,20
104.18.160.40,186,267,213,20
104.18.155.44,178,285,213,20
104.17.139.40,201,228,213,20
104.17.58.219,200,243,213,20
104.19.219.153,177,285,214,20
104.18.185.231,185,265,214,20
104.18.163.247,174,262,214,20
104.18.65.169,178,288,214,20
104.16.146.152,200,254,214,20
104.18.97.113,175,291,215,20
104.16.23.140,177,293,215,20
104.17.39.32,184,299,215,20
104.17.2.142,175,293,216,20
104.18.227.96,188,285,216,20
104.16.18.199,176,284,217,20
104.18.95.66,177,299,217,20
104.17.215.250,178,298,217,20
104.17.68.216,175,293,218,20
104.17.185.5,183,295,218,20
104.19.166.187,181,293,218,20
104.17.28.76,189,292,220,20
172.64.95.96,178,261,220,20
104.18.151.63,197,274,220,20
104.19.171.224,197,254,221,20
104.18.205.116,197,278,223,20
172.64.155.199,180,284,224,20
162.159.4.88,173,270,227,20
104.17.174.254,180,297,227,20
104.16.70.2,192,286,228,20
104.18.79.183,178,285,229,20
172.67.161.123,188,268,229,20
104.19.239.70,182,274,229,20
104.18.175.208,175,299,231,20
104.21.41.160,189,267,233,20
104.17.42.116,179,293,233,20
104.18.249.79,181,297,235,20
172.67.201.217,198,282,239,20
104.21.22.159,198,268,242,20
172.64.101.99,236,258,243,20
104.21.54.38,186,269,244,20
104.21.88.196,194,275,245,20
172.67.207.235,192,278,246,20
172.67.150.165,226,278,249,20
172.67.209.187,193,269,253,20
104.25.20.36,165,181,174,30
104.19.79.239,174,180,178,30
104.16.63.224,175,181,178,30
104.17.16.198,175,186,179,30
23.227.38.74,174,192,180,30
162.159.61.244,174,189,180,30
104.16.89.232,175,193,180,30
104.18.35.214,177,193,182,30
104.18.59.203,177,193,182,30
104.16.158.255,174,213,183,30
104.16.221.135,178,189,183,30
104.16.169.183,176,201,184,30
104.18.63.131,177,206,184,30
104.16.233.44,178,191,184,30
104.18.40.119,179,191,184,30
104.16.230.129,175,200,185,30
172.64.145.138,177,201,185,30
104.18.58.64,176,196,185,30
104.17.200.6,176,194,185,30
162.159.7.92,180,201,185,30
104.17.23.239,177,217,186,30
104.16.7.11,177,199,187,30
198.41.200.91,177,194,187,30
104.17.108.26,179,202,188,30
104.16.196.42,177,215,188,30
104.17.85.9,180,200,188,30
104.19.196.189,176,201,189,30
104.16.223.40,185,193,189,30
104.18.62.28,174,224,189,30
104.17.130.233,178,205,189,30
104.18.54.203,176,248,189,30
104.16.199.61,186,199,190,30
104.17.31.186,173,243,190,30
104.17.212.134,178,215,190,30
198.41.201.176,184,199,190,30
104.17.47.94,179,230,190,30
104.17.98.241,178,238,190,30
104.16.168.128,176,202,190,30
172.64.85.246,185,202,191,30
104.19.202.13,177,202,191,30
104.17.194.53,184,206,192,30
104.18.56.152,175,244,192,30
104.17.188.125,183,213,192,30
104.17.37.165,178,251,192,30
172.64.42.80,186,214,193,30
104.18.216.133,185,207,193,30
104.16.185.19,177,241,193,30
104.18.14.232,177,273,193,30
104.18.96.207,173,230,193,30
104.18.208.18,177,270,193,30
104.17.201.117,181,227,193,30
172.66.1.252,177,265,193,30
104.16.200.51,176,279,194,30
104.18.159.23,177,245,194,30
104.18.48.97,178,233,194,30
104.16.69.25,178,244,194,30
104.18.50.175,180,208,195,30
104.16.59.188,188,209,195,30
104.27.207.80,189,202,195,30
104.19.238.89,187,204,195,30
104.18.41.245,179,268,195,30
162.159.1.74,175,299,195,30
104.17.161.85,180,279,196,30
104.17.153.92,178,248,196,30
104.18.94.80,178,237,196,30
104.17.33.162,175,291,197,30
104.17.249.119,177,265,197,30
162.159.24.199,179,224,197,30
104.16.204.116,177,247,197,30
104.16.198.244,178,279,198,30
104.18.241.79,176,295,198,30
104.20.9.134,183,241,198,30
104.16.243.131,182,231,198,30
104.18.91.45,187,222,199,30
162.159.6.15,177,294,199,30
104.17.22.93,178,232,199,30
104.16.8.255,177,294,199,30
104.18.8.29,177,294,200,30
172.64.88.227,178,236,200,30
104.17.96.78,173,292,200,30
104.18.23.37,188,217,200,30
172.64.157.196,179,240,200,30
104.17.67.149,175,293,200,30
104.16.42.253,177,258,200,30
104.18.231.24,180,286,200,30
104.25.65.131,186,211,201,30
1.1.1.41,177,243,201,30
104.18.110.7,182,235,201,30
104.18.170.190,181,274,201,30
172.66.41.66,178,244,201,30
104.18.200.121,176,282,201,30
104.19.203.164,175,298,201,30
104.16.97.106,198,213,202,30
198.41.209.246,182,288,202,30
104.18.64.91,184,253,202,30
104.19.217.13,181,245,203,30
104.19.167.79,177,271,203,30
198.41.219.238,183,233,203,30
104.19.230.202,178,245,203,30
104.18.236.129,177,290,203,30
104.18.88.13,184,271,204,30
172.66.0.143,175,278,204,30
104.18.182.157,186,276,205,30
104.16.235.237,200,211,206,30
172.66.43.114,180,242,207,30
104.18.191.114,178,298,207,30
104.17.20.9,198,216,207,30
198.41.193.234,181,266,207,30
172.64.82.106,179,298,207,30
104.17.170.21,185,298,207,30
104.19.177.180,175,279,207,30
172.64.147.38,180,289,208,30
104.16.101.58,177,285,208,30
104.16.67.45,191,225,208,30
172.64.148.78,183,282,209,30
104.16.110.246,185,273,209,30
104.16.182.217,180,275,210,30
104.16.216.216,177,266,210,30
104.18.111.131,177,278,210,30
104.17.192.197,180,281,210,30
198.41.199.243,178,267,211,30
198.41.220.2,179,294,211,30
104.17.217.148,197,251,211,30
104.18.106.98,176,298,212,30
104.17.120.46,199,250,212,30
104.16.207.22,190,268,212,30
104.18.39.42,177,281,212,30
104.16.21.179,182,291,213,30
172.64.83.182,199,243,213,30
104.17.251.95,180,281,213,30
104.19.180.1,178,298,214,30
104.16.26.149,179,268,214,30
104.17.213.7,185,291,215,30
104.16.220.192,197,240,216,30
104.16.225.235,181,295,217,30
104.17.112.3,179,286,217,30
104.18.199.152,179,294,218,30
104.16.62.0,175,296,218,30
198.41.195.6,177,296,219,30
104.17.129.40,182,297,220,30
172.64.91.6,196,282,220,30
104.17.4.184,179,290,223,30
104.17.121.181,179,297,223,30
104.18.222.254,178,270,224,30
104.18.228.71,188,279,224,30
172.66.44.207,182,276,226,30
104.17.142.17,177,289,227,30
104.19.201.94,202,296,227,30
104.16.17.2,176,287,228,30
104.18.89.198,177,294,229,30
104.17.211.96,200,294,230,30
104.16.137.46,188,297,233,30
172.64.38.19,204,291,236,30
104.18.128.27,178,299,236,30
104.18.192.224,175,295,239,30
172.65.36.212,200,274,244,30
172.67.234.232,233,268,252,30
104.16.20.133,179,187,181,40
162.159.15.54,177,192,182,40
104.16.28.238,173,199,183,40
104.18.174.14,179,199,183,40
104.19.161.50,176,193,183,40
104.16.210.93,176,189,183,40
104.17.151.245,178,190,184,40
162.159.206.8,178,193,184,40
172.64.32.250,178,191,184,40
104.17.117.174,177,203,185,40
104.17.196.101,181,200,185,40
104.18.218.71,178,201,185,40
104.16.218.244,180,192,185,40
104.18.103.245,179,207,186,40
104.16.88.69,173,210,186,40
104.18.184.11,177,211,186,40
104.17.135.81,179,202,186,40
104.16.78.113,182,204,187,40
104.17.226.182,179,196,187,40
104.17.110.101,179,206,187,40
104.16.86.195,178,203,188,40
104.18.78.72,180,200,188,40
104.17.133.142,179,201,188,40
104.18.3.182,177,225,188,40
23.227.39.90,173,254,189,40
104.17.59.166,179,225,190,40
104.19.223.122,178,229,190,40
104.18.73.131,179,227,191,40
104.17.165.206,178,217,191,40
162.159.13.94,186,199,192,40
104.17.38.38,178,230,192,40
104.16.85.102,183,200,192,40
104.16.134.3,177,216,192,40
104.16.161.7,173,235,192,40
104.18.102.21,175,235,193,40
162.159.22.56,173,264,193,40
162.159.25.55,177,207,194,40
104.16.33.84,187,208,195,40
104.17.239.121,187,219,197,40
104.16.142.167,177,265,197,40
104.17.181.208,185,234,198,40
104.18.108.18,175,242,198,40
104.16.93.234,179,222,198,40
104.17.187.175,190,217,198,40
104.18.60.249,175,287,199,40
104.16.193.124,175,285,200,40
104.19.175.2,185,251,200,40
104.18.4.120,178,291,200,40
104.17.231.112,191,214,200,40
104.16.214.237,196,205,200,40
104.16.68.120,178,299,201,40
104.19.233.110,181,279,201,40
162.159.46.74,180,252,202,40
172.64.154.11,174,281,202,40
104.19.192.241,179,240,202,40
104.17.134.36,177,282,203,40
104.19.28.24,199,212,203,40
104.18.46.83,181,250,203,40
104.19.189.91,186,244,203,40
104.19.212.143,182,297,203,40
104.16.3.32,178,274,203,40
104.17.115.12,183,232,204,40
104.16.157.195,176,278,204,40
104.17.29.39,190,229,204,40
104.17.232.248,179,248,204,40
104.16.177.102,192,246,204,40
104.16.175.72,179,289,205,40
185.146.173.254,177,280,205,40
104.18.130.210,180,274,206,40
104.19.221.145,187,280,206,40
104.18.69.254,180,298,206,40
104.17.198.224,192,228,206,40
104.18.98.165,180,284,207,40
104.16.14.117,187,240,207,40
104.18.11.208,200,222,207,40
104.16.58.173,184,254,207,40
172.65.198.199,200,211,207,40
172.65.229.230,178,299,208,40
104.18.6.128,177,289,208,40
104.17.94.22,189,264,208,40
104.19.152.43,198,234,208,40
104.16.73.137,198,221,208,40
104.18.179.186,187,298,209,40
104.17.8.82,199,238,209,40
104.19.148.158,182,275,209,40
104.20.221.157,185,293,210,40
104.18.12.222,180,283,210,40
172.64.33.41,178,294,210,40
198.41.222.47,184,277,210,40
104.16.103.171,186,255,210,40
104.16.128.64,181,283,212,40
104.19.207.142,181,295,212,40
104.18.55.162,181,282,212,40
104.17.9.188,187,297,213,40
198.41.221.25,183,264,214,40
104.16.160.209,180,295,216,40
104.18.152.78,200,239,216,40
104.16.96.116,181,291,216,40
104.17.237.185,189,288,217,40
104.17.128.202,183,298,217,40
104.16.82.60,177,270,218,40
104.17.140.137,182,283,219,40
104.18.9.28,199,287,220,40
173.245.58.204,185,255,221,40
104.16.197.25,198,282,221,40
172.65.209.5,200,292,222,40
104.17.101.3,200,249,223,40
104.18.166.201,199,258,223,40
104.17.131.193,199,289,224,40
162.159.237.53,187,295,224,40
198.41.208.55,203,294,225,40
172.64.66.172,202,276,226,40
104.16.215.175,181,293,227,40
104.16.81.141,189,280,227,40
104.17.137.60,192,291,230,40
104.16.253.244,187,296,231,40
104.18.167.195,177,295,231,40
104.17.191.168,198,299,233,40
104.19.204.4,184,290,233,40
104.16.252.246,175,292,234,40
104.18.74.35,188,285,238,40
104.17.10.120,176,179,178,50
104.17.46.137,175,185,179,50
104.16.247.188,178,181,179,50
104.18.225.144,177,187,180,50
104.18.224.5,178,185,181,50
104.19.162.163,175,189,182,50
104.18.150.159,177,199,182,50
104.18.213.121,178,191,183,50
104.18.49.120,180,187,183,50
104.17.111.199,177,194,183,50
104.18.142.137,176,192,183,50
104.18.2.5,180,190,184,50
104.17.235.132,180,192,185,50
104.16.232.254,178,191,185,50
104.17.179.39,174,206,185,50
104.17.40.169,182,191,186,50
104.18.107.102,177,194,186,50
104.17.155.135,177,198,186,50
104.17.127.176,177,215,186,50
104.17.253.113,178,207,186,50
104.17.75.232,182,203,187,50
104.18.83.189,178,195,187,50
198.41.202.58,179,205,189,50
198.41.192.31,181,208,189,50
104.16.102.143,184,204,190,50
104.16.100.84,184,202,191,50
104.16.57.252,187,195,191,50
23.227.60.225,181,209,192,50
104.17.54.81,178,201,192,50
104.16.153.255,181,217,193,50
104.18.133.146,183,211,193,50
104.17.15.81,176,217,194,50
104.16.56.26,186,216,194,50
141.101.114.233,185,220,194,50
104.18.87.121,185,208,194,50
104.19.23.33,174,248,195,50
104.19.179.112,180,208,195,50
172.64.53.80,180,223,195,50
104.16.34.245,176,258,195,50
104.17.202.14,181,222,196,50
104.18.172.69,180,207,196,50
104.19.226.128,175,257,196,50
104.17.6.122,179,213,198,50
104.17.169.200,179,218,198,50
172.66.45.149,176,258,198,50
198.41.204.203,180,263,198,50
104.17.150.209,183,234,200,50
104.18.198.123,175,278,200,50
104.17.26.248,178,241,200,50
104.18.207.254,188,220,200,50
104.16.181.195,178,243,201,50
104.17.56.228,178,230,201,50
104.16.54.50,182,253,201,50
104.19.214.90,176,263,202,50
104.18.10.200,175,241,203,50
172.64.159.164,177,295,204,50
104.25.193.204,185,272,204,50
104.18.232.41,176,298,204,50
104.17.132.147,200,213,204,50
104.19.146.149,199,213,205,50
104.16.138.175,189,266,205,50
104.18.136.85,187,242,206,50
104.18.188.188,181,291,206,50
104.16.250.94,180,236,206,50
104.16.39.105,188,280,209,50
104.25.190.210,190,252,209,50
104.17.103.8,184,291,212,50
104.18.234.126,182,289,212,50
104.18.215.204,186,266,213,50
104.17.205.154,203,225,213,50
104.18.37.204,180,277,213,50
104.18.51.105,179,285,213,50
172.66.47.34,200,229,213,50
104.16.106.50,177,277,214,50
104.17.152.17,200,258,214,50
172.64.84.246,185,276,214,50
104.17.234.149,179,287,217,50
104.16.145.11,179,289,218,50
104.19.211.230,177,280,219,50
104.18.169.82,181,274,221,50
198.41.194.58,185,271,222,50
104.18.178.8,188,278,222,50
104.16.130.168,181,294,225,50
104.19.213.74,202,275,230,50
104.17.177.170,199,299,230,50
172.64.231.21,204,294,231,50
104.18.92.102,175,285,234,50
104.16.64.5,199,297,238,50
104.18.109.36,187,286,242,50
104.17.125.207,212,286,243,50
162.159.2.8,174,179,177,60
190.93.244.80,181,186,184,60
104.16.37.205,179,192,185,60
104.17.146.127,176,196,185,60
162.159.16.200,181,192,186,60
104.17.82.140,178,194,186,60
104.17.223.110,179,192,186,60
104.16.255.0,180,202,187,60
104.19.231.4,182,197,188,60
104.17.78.7,177,200,188,60
104.18.104.66,179,208,188,60
104.20.92.37,181,200,190,60
104.19.144.234,189,194,191,60
172.64.152.32,181,205,191,60
172.64.87.221,187,200,192,60
104.19.197.221,182,216,194,60
104.19.237.240,185,202,194,60
104.18.158.175,177,211,194,60
104.18.168.127,190,207,195,60
104.16.29.178,180,205,195,60
104.17.13.41,179,247,197,60
104.17.70.68,181,214,198,60
104.18.43.32,178,239,198,60
162.159.32.254,179,262,201,60
104.18.204.154,185,221,203,60
104.18.148.131,201,208,204,60
104.18.226.1,201,211,205,60
104.17.195.18,201,214,205,60
104.16.98.204,199,223,209,60
104.17.243.254,195,248,210,60
104.17.12.166,204,233,212,60
104.16.203.222,188,274,212,60
104.16.226.83,180,264,213,60
104.19.147.167,181,295,215,60
104.19.165.199,203,253,217,60
104.18.237.69,174,272,224,60
104.16.159.129,179,286,231,60
104.18.187.98,199,285,231,60
104.19.194.135,182,268,232,60
104.17.11.110,203,275,239,60
104.21.27.221,196,277,245,60
104.16.41.52,207,298,254,60
104.19.74.239,175,181,178,70
104.17.207.12,177,185,181,70
104.19.190.215,179,185,182,70
172.65.221.118,179,189,183,70
104.18.194.0,182,186,185,70
104.17.193.254,180,191,185,70
104.16.179.49,178,198,186,70
104.27.101.251,184,195,189,70
104.19.193.156,191,205,196,70
108.162.198.50,192,202,198,70
104.16.136.121,196,209,202,70
104.18.180.242,202,211,205,70
104.17.34.43,204,219,212,70
104.22.59.156,198,250,216,70
104.16.4.44,179,294,218,70
172.64.230.2,181,286,219,70
104.17.175.118,191,279,220,70
104.19.178.124,181,262,222,70
104.17.3.57,199,248,226,70
162.159.20.196,196,256,232,70
104.17.189.147,200,295,235,70
104.21.32.97,230,264,253,70
104.18.131.88,176,178,177,80
104.27.54.186,178,182,180,80
172.64.150.251,178,185,181,80
104.18.75.1,180,183,182,80
104.18.33.242,184,187,186,80
104.16.132.244,179,194,187,80
104.16.72.242,183,193,188,80
104.16.237.211,188,190,189,80
104.27.45.9,183,201,192,80
104.17.74.151,201,211,206,80
104.16.25.221,200,214,207,80
104.31.16.41,179,179,179,90
162.159.41.85,179,179,179,90
172.67.67.120,183,183,183,90
104.25.133.182,185,185,185,90
172.67.42.152,195,195,195,90
104.24.214.124,211,211,211,90
104.21.37.190,240,240,240,90
